church_father,work,language,source,_editor
Ignatius von Antiochien,Epistulae vii genuinae,grc; lat,tlg1443.tlg001.1st1K-grc1.xml,Kirsopp Lake
Ignatius von Antiochien,Epistulae interpolatae et epistulae suppositiciae (recensio longior) [Sp.],grc; lat,tlg1443.tlg002.1st1K-grc1.xml,Francis Xavier Funk; Francis Diekamp
Polycarpus Smyrnäus,Epistula ad Philippenses,grc; lat,tlg1622.tlg001.1st1K-grc1.xml,Kirsopp Lake
Athenagoras Atheniensis,Legatio sive Supplicatio pro Christianis,grc; lat,tlg1205.tlg001.perseus-grc1.xml,Johann Karl Theodor von Otto
Athenagoras Atheniensis,Supplication pro Christianis,grc; lat,tlg1205.tlg001.perseus-grc2.xml,Francis Andrew March; William Baxter Owen
Athenagoras Atheniensis,De Resurrectione,grc; lat,tlg1205.tlg002.perseus-grc1.xml,Johann Karl Theodor von Otto
Theophilus Antiochenus,Ad Autolycum,grc; lat,tlg1725.tlg001.perseus-grc1.xml,William Gilson Humphry
Irenäus von Lyon,Libros quinque adversus haereses,grc; lat,tlg1447.tlg001.1st1K-grc1.xml,William Wigan Harvey
Irenäus von Lyon,Fragmenta Synodicae Epistulae,grc; lat,tlg1447.tlg009.1st1K-grc1.xml,Martin Joseph Routh
Quintus Septimius Florens Tertullian,Responsa ex libris Digestorum,lat,001_Auctor-incertus_Responsa-ex-libris-Digestorum.xml,Jacques-Paul Migne
Quintus Septimius Florens Tertullian,Ad uxorem,lat,001_Tertullianus_Ad-uxorem.xml,Jacques-Paul Migne
Quintus Septimius Florens Tertullian,Apologeticus adversus gentes,lat,001_Tertullianus_Apologeticus-adversus-gentes.xml,Jacques-Paul Migne
Quintus Septimius Florens Tertullian,De idololatria,lat,001_Tertullianus_De-idololatria.xml,Jacques-Paul Migne
Quintus Septimius Florens Tertullian,De poenitentia,lat,001_Tertullianus_De-poenitentia.xml,Jacques-Paul Migne
Quintus Septimius Florens Tertullian,Adversus Marcionem,lat,002_Tertullianus_Adversus-Marcionem.xml,Jacques-Paul Migne
Quintus Septimius Florens Tertullian,De jejuniis,lat,002_Tertullianus_De-jejuniis.xml,Jacques-Paul Migne
Quintus Septimius Florens Tertullian,De praescriptionibus adversus haereticos,lat,002_Tertullianus_De-praescriptionibus-adversus-haereticos.xml,Jacques-Paul Migne
Quintus Septimius Florens Tertullian,De resurrectione carnis,lat,002_Tertullianus_De-resurrectione-carnis.xml,Jacques-Paul Migne
Quintus Septimius Florens Tertullian,De Spectaculis,Latin; Greek,Tertullianus_De-Spectaculis.xml,T.R. Glover
Quintus Septimius Florens Tertullian,Ad Martyras,lat; grc,stoa0275.stoa001.opp-lat1.xml,Franz Oehler
Quintus Septimius Florens Tertullian,Corpus Scriptorum Ecclesiasticorum Latinorum (CSEL),lat,stoa0275.stoa002.opp-lat2.xml,
Quintus Septimius Florens Tertullian,Ad Scapulam,lat; grc,stoa0275.stoa003.opp-lat1.xml,Franz Oehler
Quintus Septimius Florens Tertullian,Corpus Scriptorum Ecclesiasticorum Latinorum (CSEL),lat,stoa0275.stoa004.opp-lat2.xml,
Quintus Septimius Florens Tertullian,Adversus Judaeos Liber,lat; grc,stoa0275.stoa005.opp-lat1.xml,Franz Oehler
Quintus Septimius Florens Tertullian,Corpus Scriptorum Ecclesiasticorum Latinorum (CSEL),lat,stoa0275.stoa007.opp-lat2.xml,
Quintus Septimius Florens Tertullian,Corpus Scriptorum Ecclesiasticorum Latinorum (CSEL),lat,stoa0275.stoa008.opp-lat2.xml,
Quintus Septimius Florens Tertullian,Corpus Scriptorum Ecclesiasticorum Latinorum (CSEL),lat,stoa0275.stoa010.opp-lat2.xml,
Quintus Septimius Florens Tertullian,Corpus Scriptorum Ecclesiasticorum Latinorum (CSEL),lat,stoa0275.stoa011.opp-lat2.xml,
Quintus Septimius Florens Tertullian,De Carne Christi,lat; grc,stoa0275.stoa012.opp-lat1.xml,Franz Oehler
Quintus Septimius Florens Tertullian,De Corona,lat; grc,stoa0275.stoa013.opp-lat1.xml,Franz Oehler
Quintus Septimius Florens Tertullian,De Cultu Feminarum,lat; grc,stoa0275.stoa014.opp-lat1.xml,Franz Oehler
Quintus Septimius Florens Tertullian,De Exhortatione Castitatis Liber,lat; grc,stoa0275.stoa015.opp-lat1.xml,Franz Oehler
Quintus Septimius Florens Tertullian,De Fuga in Persecutione,lat; grc,stoa0275.stoa016.opp-lat1.xml,Franz Oehler
Quintus Septimius Florens Tertullian,De ieiunio adversus psychicos,lat; grc,stoa0275.stoa018.opp-lat1.xml,Franz Oehler
Quintus Septimius Florens Tertullian,Corpus Scriptorum Ecclesiasticorum Latinorum (CSEL),lat,stoa0275.stoa018.opp-lat2.xml,
Quintus Septimius Florens Tertullian,De Monogamia,lat; grc,stoa0275.stoa019.opp-lat1.xml,Franz Oehler
Quintus Septimius Florens Tertullian,Corpus Scriptorum Ecclesiasticorum Latinorum (CSEL),lat,stoa0275.stoa020.opp-lat2.xml,
Quintus Septimius Florens Tertullian,De Paenitentia,lat; grc,stoa0275.stoa021.opp-lat1.xml,Franz Oehler
Quintus Septimius Florens Tertullian,De Pallio,lat; grc,stoa0275.stoa022.opp-lat1.xml,Franz Oehler
Quintus Septimius Florens Tertullian,Corpus Scriptorum Ecclesiasticorum Latinorum (CSEL),lat,stoa0275.stoa023.opp-lat2.xml,
Quintus Septimius Florens Tertullian,Corpus Scriptorum Ecclesiasticorum Latinorum (CSEL),lat,stoa0275.stoa025.opp-lat2.xml,
Quintus Septimius Florens Tertullian,Corpus Scriptorum Ecclesiasticorum Latinorum (CSEL),lat,stoa0275.stoa027.opp-lat2.xml,
Quintus Septimius Florens Tertullian,Corpus Scriptorum Ecclesiasticorum Latinorum (CSEL),lat,stoa0275.stoa028.opp-lat2.xml,
Quintus Septimius Florens Tertullian,De Virginibus Velandis,lat; grc,stoa0275.stoa029.opp-lat1.xml,Franz Oehler
Quintus Septimius Florens Tertullian,Corpus Scriptorum Ecclesiasticorum Latinorum (CSEL),lat,stoa0275.stoa030.opp-lat2.xml,
Quintus Septimius Florens Tertullian,Corpus Scriptorum Ecclesiasticorum Latinorum (CSEL),lat,stoa0276.stoa003.opp-lat2.xml,
Hippolyt von Rom,Commentarii in Danielem,,pta0037.pta001.pta-grc1.xml,
Sidonius Apollinaris,Carmina,lat,Sidonius-Apollinaris_Carmina.xml,W.B. Anderson; W.B. Anderson
Sidonius Apollinaris,Epistulae,lat,Sidonius-Apollinaris_Epistulae.xml,W.B. Anderson; W.B. Anderson
Origenes,Interpretatio homiliarum Origenis in Canticum canticorum,lat,023_Origenes_-Hieronymus-Stridonensis_Interpretatio-homiliarum-Origenis-in-Canticum-canticorum.xml,Jacques-Paul Migne
Origenes,Translatio homiliarum in visiones Isaiae,lat,024_Origenes_-Hieronymus-Stridonensis_Translatio-homiliarum-in-visiones-Isaiae.xml,Jacques-Paul Migne
Origenes,Translatio Homiliarum in Jeremiam et Ezechielem,lat,025_Origenes_-Hieronymus-Stridonensis_Translatio-Homiliarum-in-Jeremiam-et-Ezechielem.xml,Jacques-Paul Migne
Origenes,Translatio XXXIX Homiliarum,lat,026_Origenes_-Hieronymus-Stridonensis_Translatio-XXXIX-Homiliarum.xml,Jacques-Paul Migne
Origenes,De incarnatione Verbi,lat,042_Origenes_De-incarnatione-Verbi.xml,Jacques-Paul Migne
Origenes,De principiis,lat,Origenes_De-principiis.xml,
Origenes,Exhortatio ad martyrium,,pta0007.pta007.pta-grc1.xml,
Origenes,De oratione,,pta0007.pta008.pta-grc1.xml,
Origenes,Catholica in Psalmos,grc,pta0007.pta010.pta-grcBibex.xml,
Origenes,Prologi varii in Psalmos,grc,pta0007.pta011.pta-grcBibex.xml,
Cyprian,Epistola,lat,003_Cyprianus-Carthaginensis_Epistola.xml,Jacques-Paul Migne
Cyprian,Epistolae 1,lat,003_Cyprianus-Carthaginensis_Epistolae-1.xml,Jacques-Paul Migne
Cyprian,Epistolae de baptismate haereticorum,lat,003_Cyprianus-Carthaginensis_Epistolae-de-baptismate-haereticorum.xml,Jacques-Paul Migne
Cyprian,Ad Demetrianum,lat,004_Cyprianus-Carthaginensis_Ad-Demetrianum.xml,Jacques-Paul Migne
Cyprian,De idolorum vanitate,lat,004_Cyprianus-Carthaginensis_De-idolorum-vanitate.xml,Jacques-Paul Migne
Cyprian,De laude martyrii,lat,004_Cyprianus-Carthaginensis_De-laude-martyrii.xml,Jacques-Paul Migne
Cyprian,De spectaculis,lat,004_Cyprianus-Carthaginensis_De-spectaculis.xml,Jacques-Paul Migne
Cyprian,De unitate ecclesiae,lat,004_Cyprianus-Carthaginensis_De-unitate-ecclesiae.xml,Jacques-Paul Migne
Cyprian,Epistola de exhortatione martyrii,lat,004_Cyprianus-Carthaginensis_Epistola-de-exhortatione-martyrii.xml,Jacques-Paul Migne
Cyprian,Epistolae 2,lat,004_Cyprianus-Carthaginensis_Epistolae-2.xml,Jacques-Paul Migne
Cyprian,Testimonia adversus Judaeos,lat,004_Cyprianus-Carthaginensis_Testimonia-adversus-Judaeos.xml,Jacques-Paul Migne
Cyprian,Corpus Scriptorum Ecclesiasticorum Latinorum (CSEL),lat,stoa0104a.stoa001.opp-lat1.xml,
Cyprian,Corpus Scriptorum Ecclesiasticorum Latinorum (CSEL),lat,stoa0104a.stoa003.opp-lat1.xml,
Cyprian,Corpus Scriptorum Ecclesiasticorum Latinorum (CSEL),lat,stoa0104a.stoa004.opp-lat1.xml,
Cyprian,Corpus Scriptorum Ecclesiasticorum Latinorum (CSEL),lat,stoa0104a.stoa005.opp-lat1.xml,
Cyprian,Corpus Scriptorum Ecclesiasticorum Latinorum (CSEL),lat,stoa0104a.stoa006.opp-lat1.xml,
Cyprian,Corpus Scriptorum Ecclesiasticorum Latinorum (CSEL),lat,stoa0104a.stoa007.opp-lat1.xml,
Cyprian,Corpus Scriptorum Ecclesiasticorum Latinorum (CSEL),lat,stoa0104a.stoa008.opp-lat1.xml,
Cyprian,Corpus Scriptorum Ecclesiasticorum Latinorum (CSEL),lat,stoa0104a.stoa009.opp-lat1.xml,
Cyprian,Corpus Scriptorum Ecclesiasticorum Latinorum (CSEL),lat,stoa0104a.stoa011.opp-lat1.xml,
Cyprian,Corpus Scriptorum Ecclesiasticorum Latinorum (CSEL),lat,stoa0104a.stoa013.opp-lat1.xml,
Cyprian,Corpus Scriptorum Ecclesiasticorum Latinorum (CSEL),lat,stoa0104a.stoa014.opp-lat1.xml,
Cyprian,Corpus Scriptorum Ecclesiasticorum Latinorum (CSEL),lat,stoa0104a.stoa015.opp-lat1.xml,
Cyprian,Corpus Scriptorum Ecclesiasticorum Latinorum (CSEL),lat,stoa0104c.stoa001.opp-lat1.xml,
Eusebius von Caesarea,Vita Constantini,lat,008_Eusebius-Pamphilus_Vita-Constantini.xml,Jacques-Paul Migne
Eusebius von Caesarea,Canones Evangeliorum,lat,029_Eusebius-Pamphilus_Canones-Evangeliorum.xml,Jacques-Paul Migne
Eusebius von Caesarea,Contra Marcellum,,pta0003.pta007.pta-grc1.xml,
Eusebius von Caesarea,De ecclesiastica theologia,,pta0003.pta009.pta-grc1.xml,
Eusebius von Caesarea,Commentarius in Isaiam,,pta0003.pta017.pta-grc1.xml,Joseph Ziegler
Eusebius von Caesarea,Hypomnema de Psalmis,grc,pta0003.pta018.pta-grcBibex.xml,
Eusebius von Caesarea,Prologi varii,grc,pta0003.pta019.pta-grcBibex.xml,
Eusebius von Caesarea,Commentarii in Psalmos (Tom. I: Ps 1–50),,pta0003.pta020.pta-grcBibex1.xml,
Eusebius von Caesarea,Commentarii in Psalmos (Tom. II: Ps 51-100),,pta0003.pta020.pta-grcBibex2.xml,
Eusebius von Caesarea,Commentarii in Psalmos (Tom. III: Ps 101–150),,pta0003.pta020.pta-grcBibex3.xml,
Eusebius von Caesarea,Praeperatio Evangelica,grc; lat,tlg2018.tlg001.1st1K-grc1.xml,Wilhelm Dindorf
Eusebius von Caesarea,Ἐκκλησιαστικὴ ἱστορία,grc; eng; lat,tlg2018.tlg002.perseus-grc2.xml,Kirsopp Lake; J.E.L. Oulton; H.J. Lawlor
Eusebius von Caesarea,De Martyribus Palaestinae (Recensio Brevior),grc; lat,tlg2018.tlg003.1st1K-grc1.xml,Wilhelm Dindorf
Eusebius von Caesarea,Demonstratio Evangelica,grc,tlg2018.tlg005.1st1K-grc1.xml,Wilhelm Dindorf
Eusebius von Caesarea,των κατά Μαρκέλλου,grc; lat; deu,tlg2018.tlg007.1st1K-grc1.xml,Erich Klostermann
Eusebius von Caesarea,Epistula ad Flacillum,grc; lat; deu,tlg2018.tlg008.1st1K-grc1.xml,Erich Klostermann
Eusebius von Caesarea,περὶ τῆς ἐκκλησιαστικῆς θεολογίας,grc,tlg2018.tlg009.1st1K-grc1.xml,Erich Klostermann
Eusebius von Caesarea,De Theophania (Fragmenta),grc; deu; lat,tlg2018.tlg010.1st1K-grc1.xml,Hugo Gressmann
Eusebius von Caesarea,Onomasticon,grc; lat; deu,tlg2018.tlg011.1st1K-grc1.xml,Erich Klostermann
Eusebius von Caesarea,Onomasticon,lat; deu,tlg2018.tlg011.1st1K-lat1.xml,Erich Klostermann
Eusebius von Caesarea,Vita Constantini,grc; lat,tlg2018.tlg020.1st1K-grc1.xml,Ivar A. Heikel
Eusebius von Caesarea,Constantini imperatoris oratio ad coetum sanctorum,grc,tlg2018.tlg021.1st1K-grc1.xml,Ivar A. Heikel
Eusebius von Caesarea,De laudibus Constantini,grc; lat; deu,tlg2018.tlg022.1st1K-grc1.xml,Ivar A. Heikel
Eusebius von Caesarea,Generalis elementaria introductio (= Eclogae propheticae),grc; lat,tlg2018.tlg023.1st1K-grc1.xml,Thomas Gaisford
Hilarius von Poitiers,Commentarius in Matthaeum,lat,009_Hilarius-Pictaviensis_Commentarius-in-Matthaeum.xml,Jacques-Paul Migne
Hilarius von Poitiers,Commentarius in psalmos XV XXXI XLI,lat,009_Hilarius-Pictaviensis_Commentarius-in-psalmos-XV-XXXI-XLI.xml,Jacques-Paul Migne
Hilarius von Poitiers,Apologetica responsa ad reprehensores libri de synodis,lat,010_Hilarius-Pictaviensis_Apologetica-responsa-ad-reprehensores-libri-de-synodis.xml,Jacques-Paul Migne
Hilarius von Poitiers,De Trinitate,lat,010_Hilarius-Pictaviensis_De-Trinitate.xml,Jacques-Paul Migne
Hilarius von Poitiers,Epistola ad Abram,lat,010_Hilarius-Pictaviensis_Epistola-ad-Abram.xml,Jacques-Paul Migne
Hilarius von Poitiers,Epistola seu libellus,lat,010_Hilarius-Pictaviensis_Epistola-seu-libellus.xml,Jacques-Paul Migne
Hilarius von Poitiers,Fragmenta ex aliis operibus,lat,010_Hilarius-Pictaviensis_Fragmenta-ex-aliis-operibus.xml,Jacques-Paul Migne
Hilarius von Poitiers,Liber contra Arianos vel Auxentium,lat,010_Hilarius-Pictaviensis_Liber-contra-Arianos-vel-Auxentium.xml,Jacques-Paul Migne
Hilarius von Poitiers,Liber de synodis seu fide orientalium,lat,010_Hilarius-Pictaviensis_Liber-de-synodis-seu-fide-orientalium.xml,Jacques-Paul Migne
Hilarius von Poitiers,Liber secundus ad Constantium,lat,010_Hilarius-Pictaviensis_Liber-secundus-ad-Constantium.xml,Jacques-Paul Migne
Hilarius von Poitiers,Sermo de dedicatione ecclesiae,lat,010_Hilarius-Pictaviensis_Sermo-de-dedicatione-ecclesiae.xml,Jacques-Paul Migne
Hilarius von Poitiers,Corpus Scriptorum Ecclesiasticorum Latinorum (CSEL),lat,stoa0149b.stoa001.opp-lat1.xml,
Hilarius von Poitiers,Corpus Scriptorum Ecclesiasticorum Latinorum (CSEL),lat,stoa0149b.stoa002.opp-lat1.xml,
Hilarius von Poitiers,Corpus Scriptorum Ecclesiasticorum Latinorum (CSEL),lat,stoa0149b.stoa003.opp-lat1.xml,
Hilarius von Poitiers,Corpus Scriptorum Ecclesiasticorum Latinorum (CSEL),lat,stoa0149b.stoa004.opp-lat1.xml,
Hilarius von Poitiers,Corpus Scriptorum Ecclesiasticorum Latinorum (CSEL),lat,stoa0149b.stoa005.opp-lat1.xml,
Hilarius von Poitiers,Corpus Scriptorum Ecclesiasticorum Latinorum (CSEL),lat,stoa0149b.stoa006.opp-lat1.xml,
Hilarius von Poitiers,Corpus Scriptorum Ecclesiasticorum Latinorum (CSEL),lat,stoa0149b.stoa007.opp-lat1.xml,
Hilarius von Poitiers,Corpus Scriptorum Ecclesiasticorum Latinorum (CSEL),lat,stoa0149b.stoa008.opp-lat1.xml,
Hilarius von Poitiers,Corpus Scriptorum Ecclesiasticorum Latinorum (CSEL),lat,stoa0149b.stoa009.opp-lat1.xml,
Hilarius von Poitiers,Corpus Scriptorum Ecclesiasticorum Latinorum (CSEL),lat,stoa0149p.stoa001.opp-lat1.xml,
Hilarius von Poitiers,Corpus Scriptorum Ecclesiasticorum Latinorum (CSEL),lat,stoa0149p.stoa002.opp-lat1.xml,
Hilarius von Poitiers,Corpus Scriptorum Ecclesiasticorum Latinorum (CSEL),lat,stoa0149p.stoa003.opp-lat1.xml,
Athanasius von Alexandrien,Epistolae ad Luciferum,lat,013_Athanasius-Alexandrinus_Epistolae-ad-Luciferum.xml,Jacques-Paul Migne
Athanasius von Alexandrien,Vita B. Antonii abbatis,lat,073_Athanasius-Alexandrinus_-Evagrius-Antiochensis_Vita-B.-Antonii-abbatis.xml,Jacques-Paul Migne
Athanasius von Alexandrien,De observationibus monachorum,lat,103_Athanasius-Alexandrinus_De-observationibus-monachorum.xml,Jacques-Paul Migne
Athanasius von Alexandrien,Exhortatio ad sponsam Christi,lat,103_Athanasius-Alexandrinus_Exhortatio-ad-sponsam-Christi.xml,Jacques-Paul Migne
Athanasius von Alexandrien,Contra gentes,,pta0022.pta001.pta-grc1.xml,
Athanasius von Alexandrien,De incarnatione,,pta0022.pta002.pta-grc1.xml,
Athanasius von Alexandrien,De decretis Nicaenae synodi,,pta0022.pta003.pta-grc1.xml,
Athanasius von Alexandrien,De sententia Dionysii,,pta0022.pta004.pta-grc1.xml,
Athanasius von Alexandrien,Apologia ad Constantium,,pta0022.pta010.pta-grc1.xml,
Basilius der Grosse (Caesariensis),Prologus in librum Psalmorum,lat,036_Basilius-Caesareae_-Rufinus-Aquileiensis_Prologus-in-librum-Psalmorum.xml,Jacques-Paul Migne
Basilius der Grosse (Caesariensis),Admonitio ad filium spiritualem,lat,103_Basilius-Caesareae_Admonitio-ad-filium-spiritualem.xml,Jacques-Paul Migne
Basilius der Grosse (Caesariensis),Regula S. Basilii,lat,103_Basilius-Caesareae_Regula-S.-Basilii.xml,Jacques-Paul Migne
Basilius der Grosse (Caesariensis),De poetis legendis,Greek,tlg2040.tlg002.perseus-grc1.xml,Roy J. Deferrari
Basilius der Grosse (Caesariensis),Epistulae,Greek; English; Latin,tlg2040.tlg004.perseus-grc1.xml,Roy J. Deferrari
Gregor von Nazianz,Christus patiens [Dub.] (fort. auctore Constantino Manasse),grc; lat,tlg2022.tlg003.1st1K-grc1.xml,Johann Georg Brambs
Gregor von Nazianz,Adversus Eunomianos (orat. 27),grc; lat; eng,tlg2022.tlg007.1st1K-grc1.xml,Arthur James Mason
Gregor von Nazianz,De Theologia (Orat. 28),grc; lat; eng,tlg2022.tlg008.1st1K-grc1.xml,Arthur James Mason
Gregor von Nazianz,De Filio (Orat. 29),grc; lat; eng,tlg2022.tlg009.1st1K-grc1.xml,Arthur James Mason
Gregor von Nazianz,De Filio (Orat. 30),grc; lat; eng,tlg2022.tlg010.1st1K-grc1.xml,Arthur James Mason
Gregor von Nazianz,De Spiritu Sancto (Orat. 31),grc; lat; eng,tlg2022.tlg011.1st1K-grc1.xml,Arthur James Mason
Gregor von Nazianz,Sententiae = (Carmen morale XXX),grc; deu,tlg2022.tlg060.1st1K-grc1.xml,Manfred Ullmann
Ambrosius von Mailand,De Abraham,lat,014_Ambrosius-Mediolanensis_De-Abraham.xml,Jacques-Paul Migne
Ambrosius von Mailand,De Isaac et Anima,lat,014_Ambrosius-Mediolanensis_De-Isaac-et-Anima.xml,Jacques-Paul Migne
Ambrosius von Mailand,De benedictionibus patriarcharum,lat,014_Ambrosius-Mediolanensis_De-benedictionibus-patriarcharum.xml,Jacques-Paul Migne
Ambrosius von Mailand,De bono mortis,lat,014_Ambrosius-Mediolanensis_De-bono-mortis.xml,Jacques-Paul Migne
Ambrosius von Mailand,Enarrationes in XII psalmos Davidicos,lat,014_Ambrosius-Mediolanensis_Enarrationes-in-XII-psalmos-Davidicos.xml,Jacques-Paul Migne
Ambrosius von Mailand,Fragmentum,lat,014_Ambrosius-Mediolanensis_Fragmentum.xml,Jacques-Paul Migne
Ambrosius von Mailand,Hexaemeron,lat,014_Ambrosius-Mediolanensis_Hexaemeron.xml,Jacques-Paul Migne
Ambrosius von Mailand,Anacephalaeosis Historiae de excidio Hierosolymitanae urbis,lat,015_Ambrosius-Mediolanensis_Anacephalaeosis-Historiae-de-excidio-Hierosolymitanae-urbis.xml,Jacques-Paul Migne
Ambrosius von Mailand,Commentarius in Cantica canticorum,lat,015_Ambrosius-Mediolanensis_Commentarius-in-Cantica-canticorum.xml,Jacques-Paul Migne
Ambrosius von Mailand,De excidio urbis Hierosolymitanae,lat,015_Ambrosius-Mediolanensis_De-excidio-urbis-Hierosolymitanae.xml,Jacques-Paul Migne
Ambrosius von Mailand,Expositio Evangelii secundum Lucam,lat,015_Ambrosius-Mediolanensis_Expositio-Evangelii-secundum-Lucam.xml,Jacques-Paul Migne
Ambrosius von Mailand,Expositio in psalmum David CXVIII,lat,015_Ambrosius-Mediolanensis_Expositio-in-psalmum-David-CXVIII.xml,Jacques-Paul Migne
Ambrosius von Mailand,De Spiritu Sancto,lat,016_Ambrosius-Mediolanensis_De-Spiritu-Sancto.xml,Jacques-Paul Migne
Ambrosius von Mailand,De excessu fratris sui Satyrus,lat,016_Ambrosius-Mediolanensis_De-excessu-fratris-sui-Satyrus.xml,Jacques-Paul Migne
Ambrosius von Mailand,De fide,lat,016_Ambrosius-Mediolanensis_De-fide.xml,Jacques-Paul Migne
Ambrosius von Mailand,De incarnationis Dominicae sacramento,lat,016_Ambrosius-Mediolanensis_De-incarnationis-Dominicae-sacramento.xml,Jacques-Paul Migne
Ambrosius von Mailand,De institutione virginis,lat,016_Ambrosius-Mediolanensis_De-institutione-virginis.xml,Jacques-Paul Migne
Ambrosius von Mailand,De lapsu virginis consecratae,lat,016_Ambrosius-Mediolanensis_De-lapsu-virginis-consecratae.xml,Jacques-Paul Migne
Ambrosius von Mailand,De mysteriis,lat,016_Ambrosius-Mediolanensis_De-mysteriis.xml,Jacques-Paul Migne
Ambrosius von Mailand,De obitu Theodosii oratio,lat,016_Ambrosius-Mediolanensis_De-obitu-Theodosii-oratio.xml,Jacques-Paul Migne
Ambrosius von Mailand,De obitu Valentiniani consolatio,lat,016_Ambrosius-Mediolanensis_De-obitu-Valentiniani-consolatio.xml,Jacques-Paul Migne
Ambrosius von Mailand,De officiis ministrorum,lat,016_Ambrosius-Mediolanensis_De-officiis-ministrorum.xml,Jacques-Paul Migne
Ambrosius von Mailand,De poenitentia,lat,016_Ambrosius-Mediolanensis_De-poenitentia.xml,Jacques-Paul Migne
Ambrosius von Mailand,De sacramentis,lat,016_Ambrosius-Mediolanensis_De-sacramentis.xml,Jacques-Paul Migne
Ambrosius von Mailand,De viduis,lat,016_Ambrosius-Mediolanensis_De-viduis.xml,Jacques-Paul Migne
Ambrosius von Mailand,De virginibus,lat,016_Ambrosius-Mediolanensis_De-virginibus.xml,Jacques-Paul Migne
Ambrosius von Mailand,De virginitate,lat,016_Ambrosius-Mediolanensis_De-virginitate.xml,Jacques-Paul Migne
Ambrosius von Mailand,Epistolarum classis I,lat,016_Ambrosius-Mediolanensis_Epistolarum-classis-I.xml,Jacques-Paul Migne
Ambrosius von Mailand,Epistolarum classis II,lat,016_Ambrosius-Mediolanensis_Epistolarum-classis-II.xml,Jacques-Paul Migne
Ambrosius von Mailand,Exhortatio virginitatis,lat,016_Ambrosius-Mediolanensis_Exhortatio-virginitatis.xml,Jacques-Paul Migne
Ambrosius von Mailand,Fragmentum ex Theodoreto desumptum,lat,016_Ambrosius-Mediolanensis_Fragmentum-ex-Theodoreto-desumptum.xml,Jacques-Paul Migne
Ambrosius von Mailand,Hymni,lat,016_Ambrosius-Mediolanensis_Hymni.xml,Jacques-Paul Migne
Ambrosius von Mailand,Sermones,lat,018_Ambrosius-Mediolanensis_Sermones.xml,Jacques-Paul Migne
Ambrosius von Mailand,Corpus Scriptorum Ecclesiasticorum Latinorum (CSEL),lat,stoa0022.stoa015.opp-lat1.xml,
Ambrosius von Mailand,Corpus Scriptorum Ecclesiasticorum Latinorum (CSEL),lat,stoa0022.stoa019.opp-lat1.xml,
Ambrosius von Mailand,Corpus Scriptorum Ecclesiasticorum Latinorum (CSEL),lat,stoa0022.stoa021.opp-lat1.xml,
Ambrosius von Mailand,Corpus Scriptorum Ecclesiasticorum Latinorum (CSEL),lat,stoa0022.stoa025.opp-lat1.xml,
Ambrosius von Mailand,Corpus Scriptorum Ecclesiasticorum Latinorum (CSEL),lat,stoa0022.stoa029.opp-lat1.xml,
Ambrosius von Mailand,Corpus Scriptorum Ecclesiasticorum Latinorum (CSEL),lat,stoa0022.stoa032.opp-lat1.xml,
Ambrosius von Mailand,Corpus Scriptorum Ecclesiasticorum Latinorum (CSEL),lat,stoa0022.stoa034.opp-lat1.xml,
Ambrosius von Mailand,Corpus Scriptorum Ecclesiasticorum Latinorum (CSEL),lat,stoa0022.stoa035.opp-lat1.xml,
Ambrosius von Mailand,Corpus Scriptorum Ecclesiasticorum Latinorum (CSEL),lat,stoa0022.stoa038.opp-lat1.xml,
Ambrosius von Mailand,Corpus Scriptorum Ecclesiasticorum Latinorum (CSEL),lat,stoa0022.stoa039.opp-lat1.xml,
Ambrosius von Mailand,Corpus Scriptorum Ecclesiasticorum Latinorum (CSEL),lat,stoa0022.stoa042.opp-lat1.xml,
Ambrosius von Mailand,Corpus Scriptorum Ecclesiasticorum Latinorum (CSEL),lat,stoa0022.stoa044.opp-lat1.xml,
Ambrosius von Mailand,Corpus Scriptorum Ecclesiasticorum Latinorum (CSEL),lat,stoa0022.stoa048.opp-lat1.xml,
Ambrosius von Mailand,Corpus Scriptorum Ecclesiasticorum Latinorum (CSEL),lat,stoa0022.stoa051.opp-lat1.xml,
Ambrosius von Mailand,Corpus Scriptorum Ecclesiasticorum Latinorum (CSEL),lat,stoa0022.stoa052.opp-lat1.xml,
Ambrosius von Mailand,Corpus Scriptorum Ecclesiasticorum Latinorum (CSEL),lat,stoa0022.stoa054.opp-lat1.xml,
Didymus der Blinde (Alexandria),De Spiritu Sancto,lat,023_Didymus-Alexandrinus_-Hieronymus-Stridonensis_De-Spiritu-Sancto.xml,Jacques-Paul Migne
Epiphanius von Salamis,Ancoratus,grc; lat; deu,tlg2021.tlg001.1st1K-grc1.xml,Karl Holl
Epiphanius von Salamis,Panarion (Adversus haereses),grc; lat; deu,tlg2021.tlg002.1st1K-grc1.xml,Karl Holl
Epiphanius von Salamis,Anacephalaeosis [Sp.],grc; lat,tlg2021.tlg003.1st1K-grc1.xml,Karl Holl
Johannes Chrysostomus,Interpretatio XXVI homiliarum,lat,021_Joannes-Chrysostomus_Interpretatio-XXVI-homiliarum.xml,Jacques-Paul Migne
Johannes Chrysostomus,,,Chrysostom_In_Joannem.xml,
Sophronius Eusebius Hieronymus,Notitia historica,lat,003_Hieronymus-Stridonensis_Notitia-historica.xml,Jacques-Paul Migne
Sophronius Eusebius Hieronymus,Vita Sancti Hilarii,lat,009_Hieronymus-Stridonensis_Vita-Sancti-Hilarii.xml,Jacques-Paul Migne
Sophronius Eusebius Hieronymus,Epistolae,lat,022_Hieronymus-Stridonensis_Epistolae.xml,Jacques-Paul Migne
Sophronius Eusebius Hieronymus,De X nominibus Dei,lat,023_Hieronymus-Stridonensis_-Auctores-incerti_De-X-nominibus-Dei.xml,Jacques-Paul Migne
Sophronius Eusebius Hieronymus,Adversus Jovinianum,lat,023_Hieronymus-Stridonensis_Adversus-Jovinianum.xml,Jacques-Paul Migne
Sophronius Eusebius Hieronymus,Apologia adversus libros Rufini,lat,023_Hieronymus-Stridonensis_Apologia-adversus-libros-Rufini.xml,Jacques-Paul Migne
Sophronius Eusebius Hieronymus,Commentarius in Ecclesiasten,lat,023_Hieronymus-Stridonensis_Commentarius-in-Ecclesiasten.xml,Jacques-Paul Migne
Sophronius Eusebius Hieronymus,Contra Joannem Hierosolymitanum,lat,023_Hieronymus-Stridonensis_Contra-Joannem-Hierosolymitanum.xml,Jacques-Paul Migne
Sophronius Eusebius Hieronymus,Contra Vigilantium,lat,023_Hieronymus-Stridonensis_Contra-Vigilantium.xml,Jacques-Paul Migne
Sophronius Eusebius Hieronymus,De nominibus Hebraicis,lat,023_Hieronymus-Stridonensis_De-nominibus-Hebraicis.xml,Jacques-Paul Migne
Sophronius Eusebius Hieronymus,De situ et nominibus locorum Hebraicorum,lat,023_Hieronymus-Stridonensis_De-situ-et-nominibus-locorum-Hebraicorum.xml,Jacques-Paul Migne
Sophronius Eusebius Hieronymus,De virginitate B. Mariae,lat,023_Hieronymus-Stridonensis_De-virginitate-B.-Mariae.xml,Jacques-Paul Migne
Sophronius Eusebius Hieronymus,De viris illustribus,lat,023_Hieronymus-Stridonensis_De-viris-illustribus.xml,Jacques-Paul Migne
Sophronius Eusebius Hieronymus,Dialogus contra Luciferianos,lat,023_Hieronymus-Stridonensis_Dialogus-contra-Luciferianos.xml,Jacques-Paul Migne
Sophronius Eusebius Hieronymus,Dialogus contra Pelagianos,lat,023_Hieronymus-Stridonensis_Dialogus-contra-Pelagianos.xml,Jacques-Paul Migne
Sophronius Eusebius Hieronymus,Excerpta de aliquot Palestinae locis,lat,023_Hieronymus-Stridonensis_Excerpta-de-aliquot-Palestinae-locis.xml,Jacques-Paul Migne
Sophronius Eusebius Hieronymus,Quaestiones Hebraicae in Genesim,lat,023_Hieronymus-Stridonensis_Quaestiones-Hebraicae-in-Genesim.xml,Jacques-Paul Migne
Sophronius Eusebius Hieronymus,Vita Malchi monachi captivi,lat,023_Hieronymus-Stridonensis_Vita-Malchi-monachi-captivi.xml,Jacques-Paul Migne
Sophronius Eusebius Hieronymus,Vita S. Hilarionis,lat,023_Hieronymus-Stridonensis_Vita-S.-Hilarionis.xml,Jacques-Paul Migne
Sophronius Eusebius Hieronymus,Vita S. Pauli primi eremitae,lat,023_Hieronymus-Stridonensis_Vita-S.-Pauli-primi-eremitae.xml,Jacques-Paul Migne
Sophronius Eusebius Hieronymus,Commentaria in Isaiam,lat,024_Hieronymus-Stridonensis_Commentaria-in-Isaiam.xml,Jacques-Paul Migne
Sophronius Eusebius Hieronymus,Commentaria in Jeremiam,lat,024_Hieronymus-Stridonensis_Commentaria-in-Jeremiam.xml,Jacques-Paul Migne
Sophronius Eusebius Hieronymus,Commentaria in Abacuc,lat,025_Hieronymus-Stridonensis_Commentaria-in-Abacuc.xml,Jacques-Paul Migne
Sophronius Eusebius Hieronymus,Commentaria in Abdiam,lat,025_Hieronymus-Stridonensis_Commentaria-in-Abdiam.xml,Jacques-Paul Migne
Sophronius Eusebius Hieronymus,Commentaria in Aggaeum,lat,025_Hieronymus-Stridonensis_Commentaria-in-Aggaeum.xml,Jacques-Paul Migne
Sophronius Eusebius Hieronymus,Commentaria in Amos,lat,025_Hieronymus-Stridonensis_Commentaria-in-Amos.xml,Jacques-Paul Migne
Sophronius Eusebius Hieronymus,Commentaria in Danielem,lat,025_Hieronymus-Stridonensis_Commentaria-in-Danielem.xml,Jacques-Paul Migne
Sophronius Eusebius Hieronymus,Commentaria in Ezechielem,lat,025_Hieronymus-Stridonensis_Commentaria-in-Ezechielem.xml,Jacques-Paul Migne
Sophronius Eusebius Hieronymus,Commentaria in Joelem,lat,025_Hieronymus-Stridonensis_Commentaria-in-Joelem.xml,Jacques-Paul Migne
Sophronius Eusebius Hieronymus,Commentaria in Jonam,lat,025_Hieronymus-Stridonensis_Commentaria-in-Jonam.xml,Jacques-Paul Migne
Sophronius Eusebius Hieronymus,Commentaria in Malachiam,lat,025_Hieronymus-Stridonensis_Commentaria-in-Malachiam.xml,Jacques-Paul Migne
Sophronius Eusebius Hieronymus,Commentaria in Michaeam,lat,025_Hieronymus-Stridonensis_Commentaria-in-Michaeam.xml,Jacques-Paul Migne
Sophronius Eusebius Hieronymus,Commentaria in Naum,lat,025_Hieronymus-Stridonensis_Commentaria-in-Naum.xml,Jacques-Paul Migne
Sophronius Eusebius Hieronymus,Commentaria in Osee,lat,025_Hieronymus-Stridonensis_Commentaria-in-Osee.xml,Jacques-Paul Migne
Sophronius Eusebius Hieronymus,Commentaria in Sophoniam,lat,025_Hieronymus-Stridonensis_Commentaria-in-Sophoniam.xml,Jacques-Paul Migne
Sophronius Eusebius Hieronymus,Commentaria in Zachariam,lat,025_Hieronymus-Stridonensis_Commentaria-in-Zachariam.xml,Jacques-Paul Migne
Sophronius Eusebius Hieronymus,Commentaria in Epistolam ad Ephesios,lat,026_Hieronymus-Stridonensis_Commentaria-in-Epistolam-ad-Ephesios.xml,Jacques-Paul Migne
Sophronius Eusebius Hieronymus,Commentaria in Epistolam ad Galatas,lat,026_Hieronymus-Stridonensis_Commentaria-in-Epistolam-ad-Galatas.xml,Jacques-Paul Migne
Sophronius Eusebius Hieronymus,Commentaria in Epistolam ad Philemonem,lat,026_Hieronymus-Stridonensis_Commentaria-in-Epistolam-ad-Philemonem.xml,Jacques-Paul Migne
Sophronius Eusebius Hieronymus,Commentaria in Epistolam ad Titum,lat,026_Hieronymus-Stridonensis_Commentaria-in-Epistolam-ad-Titum.xml,Jacques-Paul Migne
Sophronius Eusebius Hieronymus,Commentaria in Job,lat,026_Hieronymus-Stridonensis_Commentaria-in-Job.xml,Jacques-Paul Migne
Sophronius Eusebius Hieronymus,Commentaria in Matthaeum,lat,026_Hieronymus-Stridonensis_Commentaria-in-Matthaeum.xml,Jacques-Paul Migne
Sophronius Eusebius Hieronymus,Chronicon S. Hieronymi,lat,027_Hieronymus-Stridonensis_Chronicon-S.-Hieronymi.xml,Jacques-Paul Migne
Sophronius Eusebius Hieronymus,Canticum Canticorum,lat,028_Hieronymus-Stridonensis_Canticum-Canticorum.xml,Jacques-Paul Migne
Sophronius Eusebius Hieronymus,Liber Danielis,lat,028_Hieronymus-Stridonensis_Liber-Danielis.xml,Jacques-Paul Migne
Sophronius Eusebius Hieronymus,Liber Deuteronomii,lat,028_Hieronymus-Stridonensis_Liber-Deuteronomii.xml,Jacques-Paul Migne
Sophronius Eusebius Hieronymus,Liber Ecclesiastes,lat,028_Hieronymus-Stridonensis_Liber-Ecclesiastes.xml,Jacques-Paul Migne
Sophronius Eusebius Hieronymus,Liber Esther,lat,028_Hieronymus-Stridonensis_Liber-Esther.xml,Jacques-Paul Migne
Sophronius Eusebius Hieronymus,Liber Exodi,lat,028_Hieronymus-Stridonensis_Liber-Exodi.xml,Jacques-Paul Migne
Sophronius Eusebius Hieronymus,Liber Ezechielis,lat,028_Hieronymus-Stridonensis_Liber-Ezechielis.xml,Jacques-Paul Migne
Sophronius Eusebius Hieronymus,Liber Ezrae,lat,028_Hieronymus-Stridonensis_Liber-Ezrae.xml,Jacques-Paul Migne
Sophronius Eusebius Hieronymus,Liber Genesis,lat,028_Hieronymus-Stridonensis_Liber-Genesis.xml,Jacques-Paul Migne
Sophronius Eusebius Hieronymus,Liber Isaiae,lat,028_Hieronymus-Stridonensis_Liber-Isaiae.xml,Jacques-Paul Migne
Sophronius Eusebius Hieronymus,Liber Jeremiae,lat,028_Hieronymus-Stridonensis_Liber-Jeremiae.xml,Jacques-Paul Migne
Sophronius Eusebius Hieronymus,Liber Job 1,lat,028_Hieronymus-Stridonensis_Liber-Job-1.xml,Jacques-Paul Migne
Sophronius Eusebius Hieronymus,Liber Josue,lat,028_Hieronymus-Stridonensis_Liber-Josue.xml,Jacques-Paul Migne
Sophronius Eusebius Hieronymus,Liber Judicum,lat,028_Hieronymus-Stridonensis_Liber-Judicum.xml,Jacques-Paul Migne
Sophronius Eusebius Hieronymus,Liber Levitici,lat,028_Hieronymus-Stridonensis_Liber-Levitici.xml,Jacques-Paul Migne
Sophronius Eusebius Hieronymus,Liber Numerorum,lat,028_Hieronymus-Stridonensis_Liber-Numerorum.xml,Jacques-Paul Migne
Sophronius Eusebius Hieronymus,Liber Paralipomenon,lat,028_Hieronymus-Stridonensis_Liber-Paralipomenon.xml,Jacques-Paul Migne
Sophronius Eusebius Hieronymus,Liber Proverbiorum,lat,028_Hieronymus-Stridonensis_Liber-Proverbiorum.xml,Jacques-Paul Migne
Sophronius Eusebius Hieronymus,Liber Psalmorum 1,lat,028_Hieronymus-Stridonensis_Liber-Psalmorum-1.xml,Jacques-Paul Migne
Sophronius Eusebius Hieronymus,Liber Ruth,lat,028_Hieronymus-Stridonensis_Liber-Ruth.xml,Jacques-Paul Migne
Sophronius Eusebius Hieronymus,Libri Samuelis et Malachim,lat,028_Hieronymus-Stridonensis_Libri-Samuelis-et-Malachim.xml,Jacques-Paul Migne
Sophronius Eusebius Hieronymus,Libri XII Prophetarum,lat,028_Hieronymus-Stridonensis_Libri-XII-Prophetarum.xml,Jacques-Paul Migne
Sophronius Eusebius Hieronymus,Praefatio in Pentateuchum,lat,028_Hieronymus-Stridonensis_Praefatio-in-Pentateuchum.xml,Jacques-Paul Migne
Sophronius Eusebius Hieronymus,Praefatio in libros Salomonis,lat,028_Hieronymus-Stridonensis_Praefatio-in-libros-Salomonis.xml,Jacques-Paul Migne
Sophronius Eusebius Hieronymus,Synopsis Bibliothecae divinae,lat,028_Hieronymus-Stridonensis_Synopsis-Bibliothecae-divinae.xml,Jacques-Paul Migne
Sophronius Eusebius Hieronymus,Actus apostolorum,lat,029_Hieronymus-Stridonensis_Actus-apostolorum.xml,Jacques-Paul Migne
Sophronius Eusebius Hieronymus,Apocalypsis Joannis,lat,029_Hieronymus-Stridonensis_Apocalypsis-Joannis.xml,Jacques-Paul Migne
Sophronius Eusebius Hieronymus,Epistola Jacobi,lat,029_Hieronymus-Stridonensis_Epistola-Jacobi.xml,Jacques-Paul Migne
Sophronius Eusebius Hieronymus,Epistola Joannis I,lat,029_Hieronymus-Stridonensis_Epistola-Joannis-I.xml,Jacques-Paul Migne
Sophronius Eusebius Hieronymus,Epistola Joannis II,lat,029_Hieronymus-Stridonensis_Epistola-Joannis-II.xml,Jacques-Paul Migne
Sophronius Eusebius Hieronymus,Epistola Joannis III,lat,029_Hieronymus-Stridonensis_Epistola-Joannis-III.xml,Jacques-Paul Migne
Sophronius Eusebius Hieronymus,Epistola Judae,lat,029_Hieronymus-Stridonensis_Epistola-Judae.xml,Jacques-Paul Migne
Sophronius Eusebius Hieronymus,Epistola Pauli ad Colossenses,lat,029_Hieronymus-Stridonensis_Epistola-Pauli-ad-Colossenses.xml,Jacques-Paul Migne
Sophronius Eusebius Hieronymus,Epistola Pauli ad Corinthios I,lat,029_Hieronymus-Stridonensis_Epistola-Pauli-ad-Corinthios-I.xml,Jacques-Paul Migne
Sophronius Eusebius Hieronymus,Epistola Pauli ad Corinthios II,lat,029_Hieronymus-Stridonensis_Epistola-Pauli-ad-Corinthios-II.xml,Jacques-Paul Migne
Sophronius Eusebius Hieronymus,Epistola Pauli ad Ephesios,lat,029_Hieronymus-Stridonensis_Epistola-Pauli-ad-Ephesios.xml,Jacques-Paul Migne
Sophronius Eusebius Hieronymus,Epistola Pauli ad Galatas,lat,029_Hieronymus-Stridonensis_Epistola-Pauli-ad-Galatas.xml,Jacques-Paul Migne
Sophronius Eusebius Hieronymus,Epistola Pauli ad Hebraeos,lat,029_Hieronymus-Stridonensis_Epistola-Pauli-ad-Hebraeos.xml,Jacques-Paul Migne
Sophronius Eusebius Hieronymus,Epistola Pauli ad Philemonem,lat,029_Hieronymus-Stridonensis_Epistola-Pauli-ad-Philemonem.xml,Jacques-Paul Migne
Sophronius Eusebius Hieronymus,Epistola Pauli ad Philippenses,lat,029_Hieronymus-Stridonensis_Epistola-Pauli-ad-Philippenses.xml,Jacques-Paul Migne
Sophronius Eusebius Hieronymus,Epistola Pauli ad Romanos,lat,029_Hieronymus-Stridonensis_Epistola-Pauli-ad-Romanos.xml,Jacques-Paul Migne
Sophronius Eusebius Hieronymus,Epistola Pauli ad Thessalonicenses I,lat,029_Hieronymus-Stridonensis_Epistola-Pauli-ad-Thessalonicenses-I.xml,Jacques-Paul Migne
Sophronius Eusebius Hieronymus,Epistola Pauli ad Thessalonicenses II,lat,029_Hieronymus-Stridonensis_Epistola-Pauli-ad-Thessalonicenses-II.xml,Jacques-Paul Migne
Sophronius Eusebius Hieronymus,Epistola Pauli ad Timotheum I,lat,029_Hieronymus-Stridonensis_Epistola-Pauli-ad-Timotheum-I.xml,Jacques-Paul Migne
Sophronius Eusebius Hieronymus,Epistola Pauli ad Timotheum II,lat,029_Hieronymus-Stridonensis_Epistola-Pauli-ad-Timotheum-II.xml,Jacques-Paul Migne
Sophronius Eusebius Hieronymus,Epistola Pauli ad Titum,lat,029_Hieronymus-Stridonensis_Epistola-Pauli-ad-Titum.xml,Jacques-Paul Migne
Sophronius Eusebius Hieronymus,Epistola Petri I,lat,029_Hieronymus-Stridonensis_Epistola-Petri-I.xml,Jacques-Paul Migne
Sophronius Eusebius Hieronymus,Epistola Petri II,lat,029_Hieronymus-Stridonensis_Epistola-Petri-II.xml,Jacques-Paul Migne
Sophronius Eusebius Hieronymus,Evangelium secundum Joannem,lat,029_Hieronymus-Stridonensis_Evangelium-secundum-Joannem.xml,Jacques-Paul Migne
Sophronius Eusebius Hieronymus,Evangelium secundum Lucam,lat,029_Hieronymus-Stridonensis_Evangelium-secundum-Lucam.xml,Jacques-Paul Migne
Sophronius Eusebius Hieronymus,Evangelium secundum Marcum,lat,029_Hieronymus-Stridonensis_Evangelium-secundum-Marcum.xml,Jacques-Paul Migne
Sophronius Eusebius Hieronymus,Evangelium secundum Matthaeum,lat,029_Hieronymus-Stridonensis_Evangelium-secundum-Matthaeum.xml,Jacques-Paul Migne
Sophronius Eusebius Hieronymus,Liber Job 2,lat,029_Hieronymus-Stridonensis_Liber-Job-2.xml,Jacques-Paul Migne
Sophronius Eusebius Hieronymus,Liber Judith,lat,029_Hieronymus-Stridonensis_Liber-Judith.xml,Jacques-Paul Migne
Sophronius Eusebius Hieronymus,Liber Psalmorum 2,lat,029_Hieronymus-Stridonensis_Liber-Psalmorum-2.xml,Jacques-Paul Migne
Sophronius Eusebius Hieronymus,Liber Tobiae,lat,029_Hieronymus-Stridonensis_Liber-Tobiae.xml,Jacques-Paul Migne
Sophronius Eusebius Hieronymus,Praefatio in Evangelia,lat,029_Hieronymus-Stridonensis_Praefatio-in-Evangelia.xml,Jacques-Paul Migne
Sophronius Eusebius Hieronymus,Praefationes aliae,lat,029_Hieronymus-Stridonensis_Praefationes-aliae.xml,Jacques-Paul Migne
Sophronius Eusebius Hieronymus,De formis Hebraicarum litterarum,lat,030_Hieronymus-Stridonensis_De-formis-Hebraicarum-litterarum.xml,Jacques-Paul Migne
Sophronius Eusebius Hieronymus,Vita S. Pauli,lat,073_Hieronymus-Stridonensis_Vita-S.-Pauli.xml,Jacques-Paul Migne
Sophronius Eusebius Hieronymus,Prologus,lat,165_Hieronymus-Stridonensis_Prologus.xml,Jacques-Paul Migne
Augustinus von Hippo,Admonitio in sequens fragmentum,lat,006_Augustinus-Hipponensis_Admonitio-in-sequens-fragmentum.xml,Jacques-Paul Migne
Augustinus von Hippo,Dictum Rheticii de baptismo,lat,006_Augustinus-Hipponensis_Dictum-Rheticii-de-baptismo.xml,Jacques-Paul Migne
Augustinus von Hippo,De magnificentiis S. Hieronymi,lat,022_Augustinus-Hipponensis_De-magnificentiis-S.-Hieronymi.xml,Jacques-Paul Migne
Augustinus von Hippo,Confessiones,lat,031_Augustinus-Hipponensis_Confessiones.xml,Jacques-Paul Migne
Augustinus von Hippo,De immortalitate animae,lat,032_Augustinus-Hipponensis_De-immortalitate-animae.xml,Jacques-Paul Migne
Augustinus von Hippo,De libero arbitrio,lat,032_Augustinus-Hipponensis_De-libero-arbitrio.xml,Jacques-Paul Migne
Augustinus von Hippo,De magistro,lat,032_Augustinus-Hipponensis_De-magistro.xml,Jacques-Paul Migne
Augustinus von Hippo,De moribus Ecclesiae,lat,032_Augustinus-Hipponensis_De-moribus-Ecclesiae.xml,Jacques-Paul Migne
Augustinus von Hippo,De musica,lat,032_Augustinus-Hipponensis_De-musica.xml,Jacques-Paul Migne
Augustinus von Hippo,De quantitate animae,lat,032_Augustinus-Hipponensis_De-quantitate-animae.xml,Jacques-Paul Migne
Augustinus von Hippo,Principia dialecticae,lat,032_Augustinus-Hipponensis_Principia-dialecticae.xml,Jacques-Paul Migne
Augustinus von Hippo,Regula,lat,032_Augustinus-Hipponensis_Regula.xml,Jacques-Paul Migne
Augustinus von Hippo,Soliloquia,lat,032_Augustinus-Hipponensis_Soliloquia.xml,Jacques-Paul Migne
Augustinus von Hippo,Epistolae,lat,033_Augustinus-Hipponensis_Epistolae.xml,Jacques-Paul Migne
Augustinus von Hippo,Annotationes in Job,lat,034_Augustinus-Hipponensis_Annotationes-in-Job.xml,Jacques-Paul Migne
Augustinus von Hippo,De Genesi contra Manichaeos,lat,034_Augustinus-Hipponensis_De-Genesi-contra-Manichaeos.xml,Jacques-Paul Migne
Augustinus von Hippo,De doctrina Christiana,lat,034_Augustinus-Hipponensis_De-doctrina-Christiana.xml,Jacques-Paul Migne
Augustinus von Hippo,De sequentibus libris,lat,034_Augustinus-Hipponensis_De-sequentibus-libris.xml,Jacques-Paul Migne
Augustinus von Hippo,De sermone Domini in monte,lat,034_Augustinus-Hipponensis_De-sermone-Domini-in-monte.xml,Jacques-Paul Migne
Augustinus von Hippo,De subsequenti opere,lat,034_Augustinus-Hipponensis_De-subsequenti-opere.xml,Jacques-Paul Migne
Augustinus von Hippo,De vera religione,lat,034_Augustinus-Hipponensis_De-vera-religione.xml,Jacques-Paul Migne
Augustinus von Hippo,Liber imperfectus de Genesi ad litteram,lat,034_Augustinus-Hipponensis_Liber-imperfectus-de-Genesi-ad-litteram.xml,Jacques-Paul Migne
Augustinus von Hippo,Speculum de Scriptura sacra,lat,034_Augustinus-Hipponensis_Speculum-de-Scriptura-sacra.xml,Jacques-Paul Migne
Augustinus von Hippo,Expositio Epistolae ad Galatas,lat,035_Augustinus-Hipponensis_Expositio-Epistolae-ad-Galatas.xml,Jacques-Paul Migne
Augustinus von Hippo,Expositio inchoata Epistolae ad Romanos,lat,035_Augustinus-Hipponensis_Expositio-inchoata-Epistolae-ad-Romanos.xml,Jacques-Paul Migne
Augustinus von Hippo,Expositio propositionum ex Epistola ad Romanos,lat,035_Augustinus-Hipponensis_Expositio-propositionum-ex-Epistola-ad-Romanos.xml,Jacques-Paul Migne
Augustinus von Hippo,In Epistolam Joannis ad Parthos tractatus X,lat,035_Augustinus-Hipponensis_In-Epistolam-Joannis-ad-Parthos-tractatus-X.xml,Jacques-Paul Migne
Augustinus von Hippo,In Joannis evangelium tractatus CXXIV,lat,035_Augustinus-Hipponensis_In-Joannis-evangelium-tractatus-CXXIV.xml,Jacques-Paul Migne
Augustinus von Hippo,Quaestiones Evangeliorum,lat,035_Augustinus-Hipponensis_Quaestiones-Evangeliorum.xml,Jacques-Paul Migne
Augustinus von Hippo,Quaestiones XVII in Matthaeum,lat,035_Augustinus-Hipponensis_Quaestiones-XVII-in-Matthaeum.xml,Jacques-Paul Migne
Augustinus von Hippo,De Psalmorum auctore,lat,036_Augustinus-Hipponensis_De-Psalmorum-auctore.xml,Jacques-Paul Migne
Augustinus von Hippo,Enarrationes in Psalmos,lat,036_Augustinus-Hipponensis_Enarrationes-in-Psalmos-1.xml,Jacques-Paul Migne
Augustinus von Hippo,Enarrationes in Psalmos [2],lat,037_Augustinus-Hipponensis_Enarrationes-in-Psalmos-2.xml,Jacques-Paul Migne
Augustinus von Hippo,Sermones de Sanctis,lat,038_Augustinus-Hipponensis_Sermones-de-Sanctis.xml,Jacques-Paul Migne
Augustinus von Hippo,Sermones de Scripturis,lat,038_Augustinus-Hipponensis_Sermones-de-Scripturis.xml,Jacques-Paul Migne
Augustinus von Hippo,Sermones de tempore,lat,038_Augustinus-Hipponensis_Sermones-de-tempore.xml,Jacques-Paul Migne
Augustinus von Hippo,Fragmenta sermonum,lat,039_Augustinus-Hipponensis_Fragmenta-sermonum.xml,Jacques-Paul Migne
Augustinus von Hippo,Sermones de diversis,lat,039_Augustinus-Hipponensis_Sermones-de-diversis.xml,Jacques-Paul Migne
Augustinus von Hippo,Sermones dubii,lat,039_Augustinus-Hipponensis_Sermones-dubii.xml,Jacques-Paul Migne
Augustinus von Hippo,Ad fratres in eremo commorantes,lat,040_Augustinus-Hipponensis_-Auctor-incertus_Ad-fratres-in-eremo-commorantes.xml,Jacques-Paul Migne
Augustinus von Hippo,Liber sententiarum,lat,040_Augustinus-Hipponensis_-Auctores-varii_Liber-sententiarum.xml,Jacques-Paul Migne
Augustinus von Hippo,De agone Christiano,lat,040_Augustinus-Hipponensis_De-agone-Christiano.xml,Jacques-Paul Migne
Augustinus von Hippo,De cantico novo,lat,040_Augustinus-Hipponensis_De-cantico-novo.xml,Jacques-Paul Migne
Augustinus von Hippo,De catechizandis rudibus,lat,040_Augustinus-Hipponensis_De-catechizandis-rudibus.xml,Jacques-Paul Migne
Augustinus von Hippo,De disciplina Christiana,lat,040_Augustinus-Hipponensis_De-disciplina-Christiana.xml,Jacques-Paul Migne
Augustinus von Hippo,De diversis quaestionibus ad Simplicianum,lat,040_Augustinus-Hipponensis_De-diversis-quaestionibus-ad-Simplicianum.xml,Jacques-Paul Migne
Augustinus von Hippo,De diversis quaestionibus,lat,040_Augustinus-Hipponensis_De-diversis-quaestionibus.xml,Jacques-Paul Migne
Augustinus von Hippo,De excidio urbis,lat,040_Augustinus-Hipponensis_De-excidio-urbis.xml,Jacques-Paul Migne
Augustinus von Hippo,De fide rerum quae non videntur,lat,040_Augustinus-Hipponensis_De-fide-rerum-quae-non-videntur.xml,Jacques-Paul Migne
Augustinus von Hippo,De fide spe et charitate,lat,040_Augustinus-Hipponensis_De-fide-spe-et-charitate.xml,Jacques-Paul Migne
Augustinus von Hippo,De quaestionibus Dulcitii,lat,040_Augustinus-Hipponensis_De-quaestionibus-Dulcitii.xml,Jacques-Paul Migne
Augustinus von Hippo,De utilitate jejunii,lat,040_Augustinus-Hipponensis_De-utilitate-jejunii.xml,Jacques-Paul Migne
Augustinus von Hippo,Sermo I de symbolo,lat,040_Augustinus-Hipponensis_Sermo-I-de-symbolo.xml,Jacques-Paul Migne
Augustinus von Hippo,Sermo II de symbolo,lat,040_Augustinus-Hipponensis_Sermo-II-de-symbolo.xml,Jacques-Paul Migne
Augustinus von Hippo,Sermo III de symbolo,lat,040_Augustinus-Hipponensis_Sermo-III-de-symbolo.xml,Jacques-Paul Migne
Augustinus von Hippo,Sermo IV de symbolo,lat,040_Augustinus-Hipponensis_Sermo-IV-de-symbolo.xml,Jacques-Paul Migne
Augustinus von Hippo,De civitate Dei,lat,041_Augustinus-Hipponensis_De-civitate-Dei.xml,Jacques-Paul Migne
Augustinus von Hippo,Adversus Judaeos,lat,042_Augustinus-Hipponensis_Adversus-Judaeos.xml,Jacques-Paul Migne
Augustinus von Hippo,Adversus V haereses,lat,042_Augustinus-Hipponensis_Adversus-V-haereses.xml,Jacques-Paul Migne
Augustinus von Hippo,Collatio cum Maximino episcopo Arianorum,lat,042_Augustinus-Hipponensis_Collatio-cum-Maximino-episcopo-Arianorum.xml,Jacques-Paul Migne
Augustinus von Hippo,Contra Adimantum,lat,042_Augustinus-Hipponensis_Contra-Adimantum.xml,Jacques-Paul Migne
Augustinus von Hippo,Contra Faustum Manichaeum,lat,042_Augustinus-Hipponensis_Contra-Faustum-Manichaeum.xml,Jacques-Paul Migne
Augustinus von Hippo,Contra Fortunatum Manichaeum,lat,042_Augustinus-Hipponensis_Contra-Fortunatum-Manichaeum.xml,Jacques-Paul Migne
Augustinus von Hippo,Contra Judaeos paganos et Arianos,lat,042_Augustinus-Hipponensis_Contra-Judaeos-paganos-et-Arianos.xml,Jacques-Paul Migne
Augustinus von Hippo,Contra Maximinum episcopum Arianorum,lat,042_Augustinus-Hipponensis_Contra-Maximinum-episcopum-Arianorum.xml,Jacques-Paul Migne
Augustinus von Hippo,Contra Priscillianistas et Origenistas,lat,042_Augustinus-Hipponensis_Contra-Priscillianistas-et-Origenistas.xml,Jacques-Paul Migne
Augustinus von Hippo,Contra Sermonem Arianorum,lat,042_Augustinus-Hipponensis_Contra-Sermonem-Arianorum.xml,Jacques-Paul Migne
Augustinus von Hippo,Contra adversarium legis et prophetarum,lat,042_Augustinus-Hipponensis_Contra-adversarium-legis-et-prophetarum.xml,Jacques-Paul Migne
Augustinus von Hippo,Contra epistolam Manichaei,lat,042_Augustinus-Hipponensis_Contra-epistolam-Manichaei.xml,Jacques-Paul Migne
Augustinus von Hippo,De Trinitate,lat,042_Augustinus-Hipponensis_De-Trinitate.xml,Jacques-Paul Migne
Augustinus von Hippo,De actis cum Felice Manichaeo,lat,042_Augustinus-Hipponensis_De-actis-cum-Felice-Manichaeo.xml,Jacques-Paul Migne
Augustinus von Hippo,De altercatione Ecclesiae et Synagogae,lat,042_Augustinus-Hipponensis_De-altercatione-Ecclesiae-et-Synagogae.xml,Jacques-Paul Migne
Augustinus von Hippo,De duabus animabus,lat,042_Augustinus-Hipponensis_De-duabus-animabus.xml,Jacques-Paul Migne
Augustinus von Hippo,De haeresibus,lat,042_Augustinus-Hipponensis_De-haeresibus.xml,Jacques-Paul Migne
Augustinus von Hippo,De utilitate credendi,lat,042_Augustinus-Hipponensis_De-utilitate-credendi.xml,Jacques-Paul Migne
Augustinus von Hippo,Contra Gaudentium,lat,043_Augustinus-Hipponensis_Contra-Gaudentium.xml,Jacques-Paul Migne
Augustinus von Hippo,Contra epistolam Parmeniani,lat,043_Augustinus-Hipponensis_Contra-epistolam-Parmeniani.xml,Jacques-Paul Migne
Augustinus von Hippo,De baptismo contra Donatistas,lat,043_Augustinus-Hipponensis_De-baptismo-contra-Donatistas.xml,Jacques-Paul Migne
Augustinus von Hippo,Epistola ad Catholicos sive De unitate ecclesiae,lat,043_Augustinus-Hipponensis_Epistola-ad-Catholicos-sive-De-unitate-ecclesiae.xml,Jacques-Paul Migne
Augustinus von Hippo,Notitia ex libro II Rectractationum,lat,043_Augustinus-Hipponensis_Notitia-ex-libro-II-Rectractationum.xml,Jacques-Paul Migne
Augustinus von Hippo,Notitia ex libro II Retractationum,lat,043_Augustinus-Hipponensis_Notitia-ex-libro-II-Retractationum.xml,Jacques-Paul Migne
Augustinus von Hippo,Sermo ad plebem ecclesiae Caesareensis,lat,043_Augustinus-Hipponensis_Sermo-ad-plebem-ecclesiae-Caesareensis.xml,Jacques-Paul Migne
Augustinus von Hippo,Contra Julianum,lat,044_Augustinus-Hipponensis_Contra-Julianum.xml,Jacques-Paul Migne
Augustinus von Hippo,De anima et ejus origine,lat,044_Augustinus-Hipponensis_De-anima-et-ejus-origine.xml,Jacques-Paul Migne
Augustinus von Hippo,De correptione et gratia,lat,044_Augustinus-Hipponensis_De-correptione-et-gratia.xml,Jacques-Paul Migne
Augustinus von Hippo,De gratia Christi et de peccato originali,lat,044_Augustinus-Hipponensis_De-gratia-Christi-et-de-peccato-originali.xml,Jacques-Paul Migne
Augustinus von Hippo,De gratia et libero arbitrio,lat,044_Augustinus-Hipponensis_De-gratia-et-libero-arbitrio.xml,Jacques-Paul Migne
Augustinus von Hippo,De praedestinatione sanctorum,lat,044_Augustinus-Hipponensis_De-praedestinatione-sanctorum.xml,Jacques-Paul Migne
Augustinus von Hippo,Epistola CCVII,lat,044_Augustinus-Hipponensis_Epistola-CCVII.xml,Jacques-Paul Migne
Augustinus von Hippo,Epistola ad Valerium,lat,044_Augustinus-Hipponensis_Epistola-ad-Valerium.xml,Jacques-Paul Migne
Augustinus von Hippo,Epistolae ad Valentinum,lat,044_Augustinus-Hipponensis_Epistolae-ad-Valentinum.xml,Jacques-Paul Migne
Augustinus von Hippo,Notitia,lat,044_Augustinus-Hipponensis_Notitia.xml,Jacques-Paul Migne
Augustinus von Hippo,De dono perseverantiae,lat,045_Augustinus-Hipponensis_De-dono-perseverantiae.xml,Jacques-Paul Migne
Augustinus von Hippo,Opus imperfectum contra secundam responsionem Juliani,lat,045_Augustinus-Hipponensis_Opus-imperfectum-contra-secundam-responsionem-Juliani.xml,Jacques-Paul Migne
Augustinus von Hippo,Sermones 1,lat,046_Augustinus-Hipponensis_Sermones-1.xml,Jacques-Paul Migne
Augustinus von Hippo,Sermones inediti,lat,046_Augustinus-Hipponensis_Sermones-inediti.xml,Jacques-Paul Migne
Augustinus von Hippo,De oratione,lat,047_Augustinus-Hipponensis_De-oratione.xml,Jacques-Paul Migne
Augustinus von Hippo,De quatuor virtutibus charitatis,lat,047_Augustinus-Hipponensis_De-quatuor-virtutibus-charitatis.xml,Jacques-Paul Migne
Augustinus von Hippo,Homilia in Dominica II Adventus,lat,047_Augustinus-Hipponensis_Homilia-in-Dominica-II-Adventus.xml,Jacques-Paul Migne
Augustinus von Hippo,Sermo in circumcisione Domini,lat,047_Augustinus-Hipponensis_Sermo-in-circumcisione-Domini.xml,Jacques-Paul Migne
Augustinus von Hippo,Sermones 2,lat,047_Augustinus-Hipponensis_Sermones-2.xml,Jacques-Paul Migne
Augustinus von Hippo,Additamentum,lat,101_Augustinus-Hipponensis_Additamentum.xml,Jacques-Paul Migne
Augustinus von Hippo,Quo genere cultus SS. Martyres venerandi sunt,lat,123_Augustinus-Hipponensis_Quo-genere-cultus-SS.-Martyres-venerandi-sunt.xml,Jacques-Paul Migne
Augustinus von Hippo,Excerptum de Manichaeis,lat,195_Augustinus-Hipponensis_Excerptum-de-Manichaeis.xml,Jacques-Paul Migne
Augustinus von Hippo,De dialectica,lat,Augustinus-Hipponensis_De-dialectica.xml,"Wilhelm Christian Crecelius, S. Aurelii Augustini de dialecta liber."
Augustinus von Hippo,De rhetorica,lat,dlt000028.xml,
Augustinus von Hippo,Corpus Scriptorum Ecclesiasticorum Latinorum (CSEL),lat,stoa0040.stoa006.opp-lat1.xml,
Augustinus von Hippo,Corpus Scriptorum Ecclesiasticorum Latinorum (CSEL),lat,stoa0040.stoa014a.opp-lat1.xml,
Augustinus von Hippo,Corpus Scriptorum Ecclesiasticorum Latinorum (CSEL),lat,stoa0040.stoa015b.opp-lat1.xml,
Augustinus von Hippo,Corpus Scriptorum Ecclesiasticorum Latinorum (CSEL),lat,stoa0040.stoa016.opp-lat1.xml,
Augustinus von Hippo,Corpus Scriptorum Ecclesiasticorum Latinorum (CSEL),lat,stoa0040.stoa019.opp-lat1.xml,
Augustinus von Hippo,Corpus Scriptorum Ecclesiasticorum Latinorum (CSEL),lat,stoa0040.stoa020.opp-lat1.xml,
Augustinus von Hippo,Corpus Scriptorum Ecclesiasticorum Latinorum (CSEL),lat,stoa0040.stoa021.opp-lat1.xml,
Augustinus von Hippo,Corpus Scriptorum Ecclesiasticorum Latinorum (CSEL),lat,stoa0040.stoa021a.opp-lat1.xml,
Augustinus von Hippo,Corpus Scriptorum Ecclesiasticorum Latinorum (CSEL),lat,stoa0040.stoa024b.opp-lat1.xml,
Augustinus von Hippo,Corpus Scriptorum Ecclesiasticorum Latinorum (CSEL),lat,stoa0040.stoa025.opp-lat1.xml,
Augustinus von Hippo,Corpus Scriptorum Ecclesiasticorum Latinorum (CSEL),lat,stoa0040.stoa027.opp-lat1.xml,
Augustinus von Hippo,Corpus Scriptorum Ecclesiasticorum Latinorum (CSEL),lat,stoa0040.stoa029.opp-lat1.xml,
Augustinus von Hippo,Corpus Scriptorum Ecclesiasticorum Latinorum (CSEL),lat,stoa0040.stoa029a.opp-lat1.xml,
Augustinus von Hippo,Corpus Scriptorum Ecclesiasticorum Latinorum (CSEL),lat,stoa0040.stoa031.opp-lat1.xml,
Augustinus von Hippo,Corpus Scriptorum Ecclesiasticorum Latinorum (CSEL),lat,stoa0040.stoa031a.opp-lat1.xml,
Augustinus von Hippo,Corpus Scriptorum Ecclesiasticorum Latinorum (CSEL),lat,stoa0040.stoa033.opp-lat1.xml,
Augustinus von Hippo,Corpus Scriptorum Ecclesiasticorum Latinorum (CSEL),lat,stoa0040.stoa033a.opp-lat1.xml,
Augustinus von Hippo,Corpus Scriptorum Ecclesiasticorum Latinorum (CSEL),lat,stoa0040.stoa034.opp-lat1.xml,
Augustinus von Hippo,Corpus Scriptorum Ecclesiasticorum Latinorum (CSEL),lat,stoa0040.stoa035.opp-lat1.xml,
Augustinus von Hippo,Corpus Scriptorum Ecclesiasticorum Latinorum (CSEL),lat,stoa0040.stoa035a.opp-lat1.xml,
Augustinus von Hippo,Corpus Scriptorum Ecclesiasticorum Latinorum (CSEL),lat,stoa0040.stoa036.opp-lat1.xml,
Augustinus von Hippo,Corpus Scriptorum Ecclesiasticorum Latinorum (CSEL),lat,stoa0040.stoa037.opp-lat1.xml,
Augustinus von Hippo,Corpus Scriptorum Ecclesiasticorum Latinorum (CSEL),lat,stoa0040.stoa037a.opp-lat1.xml,
Augustinus von Hippo,Corpus Scriptorum Ecclesiasticorum Latinorum (CSEL),lat,stoa0040.stoa037c.opp-lat1.xml,
Augustinus von Hippo,Corpus Scriptorum Ecclesiasticorum Latinorum (CSEL),lat,stoa0040.stoa038a.opp-lat1.xml,
Augustinus von Hippo,Corpus Scriptorum Ecclesiasticorum Latinorum (CSEL),lat,stoa0040.stoa040.opp-lat1.xml,
Augustinus von Hippo,Corpus Scriptorum Ecclesiasticorum Latinorum (CSEL),lat,stoa0040.stoa041.opp-lat1.xml,
Augustinus von Hippo,Corpus Scriptorum Ecclesiasticorum Latinorum (CSEL),lat,stoa0040.stoa042a.opp-lat1.xml,
Augustinus von Hippo,Corpus Scriptorum Ecclesiasticorum Latinorum (CSEL),lat,stoa0040.stoa044.opp-lat1.xml,
Augustinus von Hippo,Corpus Scriptorum Ecclesiasticorum Latinorum (CSEL),lat,stoa0040.stoa050.opp-lat1.xml,
Augustinus von Hippo,Corpus Scriptorum Ecclesiasticorum Latinorum (CSEL),lat,stoa0040.stoa053.opp-lat1.xml,
Augustinus von Hippo,Corpus Scriptorum Ecclesiasticorum Latinorum (CSEL),lat,stoa0040.stoa054.opp-lat1.xml,
Augustinus von Hippo,Corpus Scriptorum Ecclesiasticorum Latinorum (CSEL),lat,stoa0040.stoa055.opp-lat1.xml,
Augustinus von Hippo,Corpus Scriptorum Ecclesiasticorum Latinorum (CSEL),lat,stoa0040.stoa056.opp-lat1.xml,
Augustinus von Hippo,Corpus Scriptorum Ecclesiasticorum Latinorum (CSEL),lat,stoa0040.stoa056a.opp-lat1.xml,
Augustinus von Hippo,Corpus Scriptorum Ecclesiasticorum Latinorum (CSEL),lat,stoa0040.stoa056b.opp-lat1.xml,
Augustinus von Hippo,Corpus Scriptorum Ecclesiasticorum Latinorum (CSEL),lat,stoa0040.stoa057.opp-lat1.xml,
Augustinus von Hippo,Corpus Scriptorum Ecclesiasticorum Latinorum (CSEL),lat,stoa0040.stoa057a.opp-lat1.xml,
Augustinus von Hippo,Corpus Scriptorum Ecclesiasticorum Latinorum (CSEL),lat,stoa0040.stoa060.opp-lat1.xml,
Augustinus von Hippo,Corpus Scriptorum Ecclesiasticorum Latinorum (CSEL),lat,stoa0040.stoa062.opp-lat1.xml,
Augustinus von Hippo,Corpus Scriptorum Ecclesiasticorum Latinorum (CSEL),lat,stoa0040.stoa063.opp-lat1.xml,
Augustinus von Hippo,Corpus Scriptorum Ecclesiasticorum Latinorum (CSEL),lat,stoa0040.stoa066c.opp-lat1.xml,
Augustinus von Hippo,Corpus Scriptorum Ecclesiasticorum Latinorum (CSEL),lat,stoa0040.stoa070.opp-lat1.xml,
Augustinus von Hippo,Corpus Scriptorum Ecclesiasticorum Latinorum (CSEL),lat,stoa0040.stoa070a.opp-lat1.xml,
Augustinus von Hippo,Corpus Scriptorum Ecclesiasticorum Latinorum (CSEL),lat,stoa0040.stoa072.opp-lat1.xml,
Augustinus von Hippo,Corpus Scriptorum Ecclesiasticorum Latinorum (CSEL),lat,stoa0040.stoa074.opp-lat1.xml,
Augustinus von Hippo,Corpus Scriptorum Ecclesiasticorum Latinorum (CSEL),lat,stoa0040.stoa077.opp-lat1.xml,
Augustinus von Hippo,Corpus Scriptorum Ecclesiasticorum Latinorum (CSEL),lat,stoa0040.stoa077c.opp-lat1.xml,
Augustinus von Hippo,Corpus Scriptorum Ecclesiasticorum Latinorum (CSEL),lat,stoa0040.stoa077d.opp-lat1.xml,
Cyrill von Alexandrien,Apologeticus adversus Theodoretum,lat,048_Cyrillus-Alexandrinus_-Marius-Mercator_Apologeticus-adversus-Theodoretum.xml,Jacques-Paul Migne
Cyrill von Alexandrien,Apologeticus pro XII capitibus,lat,048_Cyrillus-Alexandrinus_-Marius-Mercator_Apologeticus-pro-XII-capitibus.xml,Jacques-Paul Migne
Cyrill von Alexandrien,Scholia de incarnatione unigeniti,lat,048_Cyrillus-Alexandrinus_-Marius-Mercator_Scholia-de-incarnatione-unigeniti.xml,Jacques-Paul Migne
Cyrill von Alexandrien,Nestorii blasphemiarum capita XII,lat,048_Nestorius_-Cyrillus-Alexandrinus_-Marius-Mercator_Nestorii-blasphemiarum-capita-XII.xml,Jacques-Paul Migne
Cyrill von Alexandrien,Epistola synodica,lat,067_Cyrillus-Alexandrinus_-Dionysius-Exiguus_Epistola-synodica.xml,Jacques-Paul Migne
Cyrill von Alexandrien,Circuli decemnovenales,lat,090_Auctor-incertus_-Dionysius-Exiguus_-Cyrillus-Alexandrinus_Circuli-decemnovenales.xml,Jacques-Paul Migne
Theodoret von Kyrrhos,Philotheus sive Theophiles,lat,074_Theodoretus-Cyrensis_Philotheus-sive-Theophiles.xml,Jacques-Paul Migne
Anicius Manlius Severinus Boethius,Ars geometriae et arithmeticae,lat,063_Boetius_Ars-geometriae-et-arithmeticae.xml,Jacques-Paul Migne
Anicius Manlius Severinus Boethius,De arithmetica,lat,063_Boetius_De-arithmetica.xml,Jacques-Paul Migne
Anicius Manlius Severinus Boethius,De musica,lat,063_Boetius_De-musica.xml,Jacques-Paul Migne
Anicius Manlius Severinus Boethius,De unitate et uno,lat,063_Boetius_De-unitate-et-uno.xml,Jacques-Paul Migne
Anicius Manlius Severinus Boethius,In librum De interpretatione Aristotelis Maior,lat,064_Aristoteles_-Boetius_In-librum-De-interpretatione-Aristotelis-Maior.xml,Jacques-Paul Migne
Anicius Manlius Severinus Boethius,In librum De interpretatione Aristotelis Minor,lat,064_Aristoteles_-Boetius_In-librum-De-interpretatione-Aristotelis-Minor.xml,Jacques-Paul Migne
Anicius Manlius Severinus Boethius,Interpretatio Elenchorum sophisticorum Aristotelis,lat,064_Aristoteles_-Boetius_Interpretatio-Elenchorum-sophisticorum-Aristotelis.xml,Jacques-Paul Migne
Anicius Manlius Severinus Boethius,Interpretatio Posteriorum analyticorum Aristotelis,lat,064_Aristoteles_-Boetius_Interpretatio-Posteriorum-analyticorum-Aristotelis.xml,Jacques-Paul Migne
Anicius Manlius Severinus Boethius,Interpretatio Topicorum Aristotelis,lat,064_Aristoteles_-Boetius_Interpretatio-Topicorum-Aristotelis.xml,Jacques-Paul Migne
Anicius Manlius Severinus Boethius,Commentaria in Topica Ciceronis,lat,064_Boetius_Commentaria-in-Topica-Ciceronis.xml,Jacques-Paul Migne
Anicius Manlius Severinus Boethius,Confessio fidei,lat,064_Boetius_Confessio-fidei.xml,Jacques-Paul Migne
Anicius Manlius Severinus Boethius,De Trinitate,lat,064_Boetius_De-Trinitate.xml,Jacques-Paul Migne
Anicius Manlius Severinus Boethius,De diffinitione,lat,064_Boetius_De-diffinitione.xml,Jacques-Paul Migne
Anicius Manlius Severinus Boethius,De disciplina scholarium,lat,064_Boetius_De-disciplina-scholarium.xml,Jacques-Paul Migne
Anicius Manlius Severinus Boethius,De praedicatione trium personarum,lat,064_Boetius_De-praedicatione-trium-personarum.xml,Jacques-Paul Migne
Anicius Manlius Severinus Boethius,De syllogismo hypothetico,lat,064_Boetius_De-syllogismo-hypothetico.xml,Jacques-Paul Migne
Anicius Manlius Severinus Boethius,Dialogi in Porphyrium,lat,064_Boetius_Dialogi-in-Porphyrium.xml,Jacques-Paul Migne
Anicius Manlius Severinus Boethius,Distinctio locorum rhetoricorum,lat,064_Boetius_Distinctio-locorum-rhetoricorum.xml,Jacques-Paul Migne
Anicius Manlius Severinus Boethius,Speculatio de rhetoricae cognatione,lat,064_Boetius_Speculatio-de-rhetoricae-cognatione.xml,Jacques-Paul Migne
Anicius Manlius Severinus Boethius,Analytica priora Aristotelis latine versa,lat,dlt000038.xml,"Correzione linguistica e codifica XML da Manuela Ferroni; Analytica priora Aristotelis latine versa, recensio Florentina partim recensio Carnutensis in Analytica priora, translatio Boethii (recensiones duae), translatio anonyma, pseudo-Philoponi aliorumque scholia, specimina translationum recentiorum, ed. L. Minio-Paluello, Desclée de Brouwer, Bruges-Paris 1962."
Anicius Manlius Severinus Boethius,Categoriae Aristotelis Latine versae,lat,dlt000041.xml,
Anicius Manlius Severinus Boethius,In categorias Aristotelis commentarius,lat,dlt000042.xml,
Anicius Manlius Severinus Boethius,Philosophiae consolatio,lat,dlt000043.xml,"Codifica XML: Simona Musso; Correzione linguistica: Giancarlo Bessi; Anicii Manlii Seuerini Boethii, Philosophiae consolatio, iteratis curis edidit L. Bieler, Turnholti 1984 (I ed. 1957) (Corpus Christianorum series latina, 94)"
Anicius Manlius Severinus Boethius,De differentiis topicis,lat,dlt000044.xml,"Codifica XML: Manuela Ferroni; Correzione linguistica: Manuela Ferroni; Manlii Seuerini Boetii,"
Anicius Manlius Severinus Boethius,De divisione,lat,dlt000045.xml,Codifica XML: Manuela Ferroni; Correzione linguistica: Manuela Ferroni; Anicii Manlii Seuerini Boethii
Anicius Manlius Severinus Boethius,De sophisticis elenchis liber Aristotelis latine versus,lat,dlt000046.xml,"Codifica XML: Manuela Ferroni; Correzione linguistica: Manuela Ferroni; Aristoteles Latinus VI 1-3,"
Anicius Manlius Severinus Boethius,Peri hermeneias liber Aristotelis latine versus,lat,dlt000048.xml,"Codifica XML: Manuela Ferroni; Correzione linguistica: Manuela Ferroni; Aristoteles Latinus II 1-2,"
Anicius Manlius Severinus Boethius,De syllogismo categorico,lat,dlt000055.xml,Codifica XML: Manuela Ferroni; Correzione linguistica: Manuela Ferroni
Anicius Manlius Severinus Boethius,Introductio ad syllogismos cathegoricus,lat,dlt000056.xml,Codifica XML: Manuela Ferroni; Correzione linguistica: Manuela Ferroni
Anicius Manlius Severinus Boethius,Corpus Scriptorum Ecclesiasticorum Latinorum (CSEL),lat,stoa0058.stoa001.opp-lat3.xml,
Anicius Manlius Severinus Boethius,Corpus Scriptorum Ecclesiasticorum Latinorum (CSEL),lat,stoa0058.stoa007.opp-lat2.xml,
Anicius Manlius Severinus Boethius,Corpus Scriptorum Ecclesiasticorum Latinorum (CSEL),lat,stoa0058.stoa007.opp-lat3.xml,
Papst Gregor I. (der Große),Prolegomena,lat,066_Gregorius-I_Prolegomena.xml,Jacques-Paul Migne
Papst Gregor I. (der Große),Moralia,lat,075_Gregorius-I_Moralia.xml,Jacques-Paul Migne
Papst Gregor I. (der Große),Tabulae donariorum marmoreae,lat,075_Gregorius-I_Tabulae-donariorum-marmoreae.xml,Jacques-Paul Migne
Papst Gregor I. (der Große),De mortalitate,lat,076_Gregorius-I_De-mortalitate.xml,Jacques-Paul Migne
Papst Gregor I. (der Große),Homiliae in Evangelia,lat,076_Gregorius-I_Homiliae-in-Evangelia.xml,Jacques-Paul Migne
Papst Gregor I. (der Große),Homiliae in Ezechielem,lat,076_Gregorius-I_Homiliae-in-Ezechielem.xml,Jacques-Paul Migne
Papst Gregor I. (der Große),Moralia II,lat,076_Gregorius-I_Moralia-II.xml,Jacques-Paul Migne
Papst Gregor I. (der Große),Appendix 1,lat,077_Gregorius-I_Appendix-1.xml,Jacques-Paul Migne
Papst Gregor I. (der Große),Dialogi,lat,077_Gregorius-I_Dialogi.xml,Jacques-Paul Migne
Papst Gregor I. (der Große),Epistolae,lat,077_Gregorius-I_Epistolae.xml,Jacques-Paul Migne
Papst Gregor I. (der Große),Regula pastoralis,lat,077_Gregorius-I_Regula-pastoralis.xml,Jacques-Paul Migne
Papst Gregor I. (der Große),Aliae benedictiones,lat,078_Gregorius-I_Aliae-benedictiones.xml,Jacques-Paul Migne
Papst Gregor I. (der Große),Appendix 2,lat,078_Gregorius-I_Appendix-2.xml,Jacques-Paul Migne
Papst Gregor I. (der Große),Appendix ad Librum sacramentorum,lat,078_Gregorius-I_Appendix-ad-Librum-sacramentorum.xml,Jacques-Paul Migne
Papst Gregor I. (der Große),Benedictionale,lat,078_Gregorius-I_Benedictionale.xml,Jacques-Paul Migne
Papst Gregor I. (der Große),Benedictiones,lat,078_Gregorius-I_Benedictiones.xml,Jacques-Paul Migne
Papst Gregor I. (der Große),Constitutiones Lateranenses,lat,078_Gregorius-I_Constitutiones-Lateranenses.xml,Jacques-Paul Migne
Papst Gregor I. (der Große),Hymni,lat,078_Gregorius-I_Hymni.xml,Jacques-Paul Migne
Papst Gregor I. (der Große),Liber antiphonarius,lat,078_Gregorius-I_Liber-antiphonarius.xml,Jacques-Paul Migne
Papst Gregor I. (der Große),Liber responsalis,lat,078_Gregorius-I_Liber-responsalis.xml,Jacques-Paul Migne
Papst Gregor I. (der Große),Liber sacramentorum,lat,078_Gregorius-I_Liber-sacramentorum.xml,Jacques-Paul Migne
Papst Gregor I. (der Große),Commentarii in librum I Regum,lat,079_Gregorius-I_Commentarii-in-librum-I-Regum.xml,Jacques-Paul Migne
Papst Gregor I. (der Große),Concordia testimoniorum S. Scripturae,lat,079_Gregorius-I_Concordia-testimoniorum-S.-Scripturae.xml,Jacques-Paul Migne
Papst Gregor I. (der Große),Expositio in psalmos poenitentiales,lat,079_Gregorius-I_Expositio-in-psalmos-poenitentiales.xml,Jacques-Paul Migne
Papst Gregor I. (der Große),Expositio super Cantica canticorum,lat,079_Gregorius-I_Expositio-super-Cantica-canticorum.xml,Jacques-Paul Migne
Papst Gregor I. (der Große),Rescriptum beati Gregorii papae ad Augustinum episcopum quem Saxoniam in praedicatione direxerat seu Libellus responsionum,,Rescriptum_beati_Gregorii_Papae_ad_Augustinum_episcopum_quem_Saxoniam_in_praedicatione_direxerat.xml,"Mattaloni, Valeria"
Isidor von Sevilla,Appendix VII: Ad lectorem,lat,081_Isidorus-Hispalensis_Appendix-VII_-Ad-lectorem.xml,Jacques-Paul Migne
Isidor von Sevilla,Appendix VI: Praefatio Collectionis canonum,lat,081_Isidorus-Hispalensis_Appendix-VI_-Praefatio-Collectionis-canonum.xml,Jacques-Paul Migne
Isidor von Sevilla,Allegoriae sacrae Scripturae,lat,083_Isidorus-Hispalensis_Allegoriae-sacrae-Scripturae.xml,Jacques-Paul Migne
Isidor von Sevilla,Appendix ad libros Regum,lat,083_Isidorus-Hispalensis_Appendix-ad-libros-Regum.xml,Jacques-Paul Migne
Isidor von Sevilla,De ecclesiasticis officiis,lat,083_Isidorus-Hispalensis_De-ecclesiasticis-officiis.xml,Jacques-Paul Migne
Isidor von Sevilla,De fide Catholica,lat,083_Isidorus-Hispalensis_De-fide-Catholica.xml,Jacques-Paul Migne
Isidor von Sevilla,De natura rerum,lat,083_Isidorus-Hispalensis_De-natura-rerum.xml,Jacques-Paul Migne
Isidor von Sevilla,De ordine creaturarum,lat,083_Isidorus-Hispalensis_De-ordine-creaturarum.xml,Jacques-Paul Migne
Isidor von Sevilla,De ortu et obitu Patrum,lat,083_Isidorus-Hispalensis_De-ortu-et-obitu-Patrum.xml,Jacques-Paul Migne
Isidor von Sevilla,De viris illustribus,lat,083_Isidorus-Hispalensis_De-viris-illustribus.xml,Jacques-Paul Migne
Isidor von Sevilla,Differentiae,lat,083_Isidorus-Hispalensis_Differentiae.xml,Jacques-Paul Migne
Isidor von Sevilla,Epistolae,lat,083_Isidorus-Hispalensis_Epistolae.xml,Jacques-Paul Migne
Isidor von Sevilla,Historia de regibus,lat,083_Isidorus-Hispalensis_Historia-de-regibus.xml,Jacques-Paul Migne
Isidor von Sevilla,Liber numerorum qui in sanctis Scripturis occurrunt,lat,083_Isidorus-Hispalensis_Liber-numerorum-qui-in-sanctis-Scripturis-occurrunt.xml,Jacques-Paul Migne
Isidor von Sevilla,Prooemia in libros Veteris ac Novi Testamenti,lat,083_Isidorus-Hispalensis_Prooemia-in-libros-Veteris-ac-Novi-Testamenti.xml,Jacques-Paul Migne
Isidor von Sevilla,Quaestiones de Veteri et Novo Testamento,lat,083_Isidorus-Hispalensis_Quaestiones-de-Veteri-et-Novo-Testamento.xml,Jacques-Paul Migne
Isidor von Sevilla,Quaestiones in Veterum Testamentum,lat,083_Isidorus-Hispalensis_Quaestiones-in-Veterum-Testamentum.xml,Jacques-Paul Migne
Isidor von Sevilla,Regula monachorum 1,lat,083_Isidorus-Hispalensis_Regula-monachorum-1.xml,Jacques-Paul Migne
Isidor von Sevilla,Sententiae,lat,083_Isidorus-Hispalensis_Sententiae.xml,Jacques-Paul Migne
Isidor von Sevilla,Synonyma de lamentatione animae peccatricis,lat,083_Isidorus-Hispalensis_Synonyma-de-lamentatione-animae-peccatricis.xml,Jacques-Paul Migne
Isidor von Sevilla,Regula monachorum 2,lat,103_Isidorus-Hispalensis_Regula-monachorum-2.xml,Jacques-Paul Migne
Isidor von Sevilla,,,De_haeresibus.xml,"Martín Iglesias, José Carlos"
Isidor von Sevilla,Etymologiae,lat,Isidorus-Hispalensis_Etymologiae.xml,"Lindsay, Etymologiarum sive originum libri / XX recognovit brevique adnotatione critica instruxit Wallace M. Lindsay. OCR:"
Isidor von Sevilla,Chronica,lat,dlt000301.xml,"J. C. Martín,"
Isidor von Sevilla,"Dedicatio historiarum Gothorum, Vandalorum, Sueborum ad Sisenandum regem",lat,dlt000302.xml,
Isidor von Sevilla,"Historia Gothorum, Vandalorum, Sueborum",lat,dlt000306.xml,"C. Rodríguez Alonso (ed.),"
Arnobius d.Ä.,Disputationes adversus gentes,lat,005_Arnobius-Afer_Disputationes-adversus-gentes.xml,Jacques-Paul Migne
Arnobius d.Ä.,Segmentum,lat,005_Arnobius-Afer_Segmentum.xml,Jacques-Paul Migne
Arnobius d.Ä.,Corpus Scriptorum Ecclesiasticorum Latinorum (CSEL),lat,stoa0034.stoa001.opp-lat1.xml,
Iulius Firmicus Maternus,De errore profanarum religionum,lat,012_Julius-Firmicus-Maternus_De-errore-profanarum-religionum.xml,Jacques-Paul Migne
Iulius Firmicus Maternus,Mathesis,lat,dlt000187.xml,"Iulii Firmici Materni,"
Lucius Caecilius Firmianus Lactantius (Laktanz),Divinarum institutionum liber I,lat,006_Lactantius_Divinarum-institutionum-liber-I.xml,Jacques-Paul Migne
Lucius Caecilius Firmianus Lactantius (Laktanz),Divinarum institutionum liber II,lat,006_Lactantius_Divinarum-institutionum-liber-II.xml,Jacques-Paul Migne
Lucius Caecilius Firmianus Lactantius (Laktanz),Divinarum institutionum liber III,lat,006_Lactantius_Divinarum-institutionum-liber-III.xml,Jacques-Paul Migne
Lucius Caecilius Firmianus Lactantius (Laktanz),Divinarum institutionum liber IV,lat,006_Lactantius_Divinarum-institutionum-liber-IV.xml,Jacques-Paul Migne
Lucius Caecilius Firmianus Lactantius (Laktanz),Divinarum institutionum liber V,lat,006_Lactantius_Divinarum-institutionum-liber-V.xml,Jacques-Paul Migne
Lucius Caecilius Firmianus Lactantius (Laktanz),Divinarum institutionum liber VI,lat,006_Lactantius_Divinarum-institutionum-liber-VI.xml,Jacques-Paul Migne
Lucius Caecilius Firmianus Lactantius (Laktanz),Divinarum institutionum liber VII,lat,006_Lactantius_Divinarum-institutionum-liber-VII.xml,Jacques-Paul Migne
Lucius Caecilius Firmianus Lactantius (Laktanz),Corpus Scriptorum Ecclesiasticorum Latinorum (CSEL),lat,stoa0171.stoa001.opp-lat3.xml,
Lucius Caecilius Firmianus Lactantius (Laktanz),Corpus Scriptorum Ecclesiasticorum Latinorum (CSEL),lat,stoa0171.stoa002.opp-lat1.xml,
Lucius Caecilius Firmianus Lactantius (Laktanz),Corpus Scriptorum Ecclesiasticorum Latinorum (CSEL),lat,stoa0171.stoa004.opp-lat1.xml,
Lucius Caecilius Firmianus Lactantius (Laktanz),Corpus Scriptorum Ecclesiasticorum Latinorum (CSEL),lat,stoa0171.stoa006.opp-lat1.xml,
Lucius Caecilius Firmianus Lactantius (Laktanz),Corpus Scriptorum Ecclesiasticorum Latinorum (CSEL),lat,stoa0171.stoa007.opp-lat1.xml,
Lucius Caecilius Firmianus Lactantius (Laktanz),Corpus Scriptorum Ecclesiasticorum Latinorum (CSEL),lat,stoa0171.stoa008.opp-lat1.xml,
Lucius Caecilius Firmianus Lactantius (Laktanz),Corpus Scriptorum Ecclesiasticorum Latinorum (CSEL),lat,stoa0171.stoa010.opp-lat1.xml,
Gaius Marius Victorinus,Adversus Arium,lat,008_Marius-Victorinus_Adversus-Arium.xml,Jacques-Paul Migne
Gaius Marius Victorinus,Contra duo principia Manichaeorum,lat,008_Marius-Victorinus_Contra-duo-principia-Manichaeorum.xml,Jacques-Paul Migne
Gaius Marius Victorinus,De generatione Divini Verbi,lat,008_Marius-Victorinus_De-generatione-Divini-Verbi.xml,Jacques-Paul Migne
Gaius Marius Victorinus,De homoousio recipiendo,lat,008_Marius-Victorinus_De-homoousio-recipiendo.xml,Jacques-Paul Migne
Gaius Marius Victorinus,De physicis,lat,008_Marius-Victorinus_De-physicis.xml,Jacques-Paul Migne
Gaius Marius Victorinus,De verbis Scripturae,lat,008_Marius-Victorinus_De-verbis-Scripturae.xml,Jacques-Paul Migne
Gaius Marius Victorinus,Hymni,lat,008_Marius-Victorinus_Hymni.xml,Jacques-Paul Migne
Gaius Marius Victorinus,In epistolam Pauli ad Ephesios,lat,008_Marius-Victorinus_In-epistolam-Pauli-ad-Ephesios.xml,Jacques-Paul Migne
Gaius Marius Victorinus,In epistolam Pauli ad Galatas,lat,008_Marius-Victorinus_In-epistolam-Pauli-ad-Galatas.xml,Jacques-Paul Migne
Gaius Marius Victorinus,In epistolam Pauli ad Philippenses,lat,008_Marius-Victorinus_In-epistolam-Pauli-ad-Philippenses.xml,Jacques-Paul Migne
Macrobius Ambrosius Theodosius,In somnium Scipionis commentarii,lat,dlt000338.xml,"Codifica XML: Valentina Rinaldi; Prima correzione: Simona Rota; Preparazione testo: Valentina Rinaldi; Macrobe,"
Macrobius Ambrosius Theodosius,Saturnalia,lat,dlt000339.xml,"Codifica XML: Valentina Rinaldi; Correzione linguistica: Manuela Naso, Valentina Rinaldi; Macrobii Ambrosii Theodosii, Saturnalia, recognovit brevique adnotatione critica instruxit R. A. Kaster, Oxonii e Typographeo Clarendoniano 2011"
Benedikt von Nursia,Opuscula,lat,066_Benedictus-Nursiae_Opuscula.xml,Jacques-Paul Migne
Benedikt von Nursia,Regula cum commentariis,lat,066_Benedictus-Nursiae_Regula-cum-commentariis.xml,Jacques-Paul Migne
Clemens von Alexandrien,Protrepticus,lat; grc,tlg0555.tlg001.1st1K-grc1.xml,Otto Stählin
Clemens von Alexandrien,Paedagogus,grc,tlg0555.tlg002.1st1K-grc1.xml,Otto Stählin
Clemens von Alexandrien,Eclogae propheticae,grc; lat,tlg0555.tlg005.1st1K-grc1.xml,Otto Stählin
Clemens von Alexandrien,Quis dives salvetur,grc; lat,tlg0555.tlg006.1st1K-grc1.xml,Otto Stählin
Clemens von Alexandrien,Excerpta ex Theodoto,grc; lat,tlg0555.tlg007.1st1K-grc1.xml,Otto Stählin
Dionysius von Alexandria (Bischof),Epistola II,lat,005_Dionysius-Alexandrinus_Epistola-II.xml,Jacques-Paul Migne
Dionysius von Alexandria (Bischof),Epistolae,lat,005_Dionysius-Alexandrinus_Epistolae.xml,Jacques-Paul Migne
Claudius Gordianus Fulgentius,Contra sermonem Fastidiosi Ariani,lat,065_Fulgentius-Ruspensis_Contra-sermonem-Fastidiosi-Ariani.xml,Jacques-Paul Migne
Claudius Gordianus Fulgentius,De Trinitate,lat,065_Fulgentius-Ruspensis_De-Trinitate.xml,Jacques-Paul Migne
Claudius Gordianus Fulgentius,De fide,lat,065_Fulgentius-Ruspensis_De-fide.xml,Jacques-Paul Migne
Claudius Gordianus Fulgentius,De incarnatione filii Dei,lat,065_Fulgentius-Ruspensis_De-incarnatione-filii-Dei.xml,Jacques-Paul Migne
Claudius Gordianus Fulgentius,De remissione peccatorum,lat,065_Fulgentius-Ruspensis_De-remissione-peccatorum.xml,Jacques-Paul Migne
Claudius Gordianus Fulgentius,De veritate praedestinationis,lat,065_Fulgentius-Ruspensis_De-veritate-praedestinationis.xml,Jacques-Paul Migne
Claudius Gordianus Fulgentius,Epistolae,lat,065_Fulgentius-Ruspensis_Epistolae.xml,Jacques-Paul Migne
Claudius Gordianus Fulgentius,Instrumenta fidei,lat,065_Fulgentius-Ruspensis_Instrumenta-fidei.xml,Jacques-Paul Migne
Claudius Gordianus Fulgentius,Libri ad Monimum,lat,065_Fulgentius-Ruspensis_Libri-ad-Monimum.xml,Jacques-Paul Migne
Claudius Gordianus Fulgentius,Libri ad Trasimundum,lat,065_Fulgentius-Ruspensis_Libri-ad-Trasimundum.xml,Jacques-Paul Migne
Claudius Gordianus Fulgentius,Pro fide Catholica,lat,065_Fulgentius-Ruspensis_Pro-fide-Catholica.xml,Jacques-Paul Migne
Claudius Gordianus Fulgentius,Responsio contra Arianos,lat,065_Fulgentius-Ruspensis_Responsio-contra-Arianos.xml,Jacques-Paul Migne
Claudius Gordianus Fulgentius,Sermones inediti,lat,065_Fulgentius-Ruspensis_Sermones-inediti.xml,Jacques-Paul Migne
Claudius Gordianus Fulgentius,Sermones,lat,065_Fulgentius-Ruspensis_Sermones.xml,Jacques-Paul Migne
Gennadius von Marseille,Vita I S. Hieronymi,lat,022_Gennadius-Massiliensis_Vita-I-S.-Hieronymi.xml,Jacques-Paul Migne
Gennadius von Marseille,De ecclesiasticis dogmatibus,lat,058_Gennadius-Massiliensis_De-ecclesiasticis-dogmatibus.xml,Jacques-Paul Migne
Gennadius von Marseille,De scriptoribus ecclesiasticis,lat,058_Gennadius-Massiliensis_De-scriptoribus-ecclesiasticis.xml,Jacques-Paul Migne
Gennadius von Marseille,Notitia 1,lat,058_Gennadius-Massiliensis_Notitia-1.xml,Jacques-Paul Migne
Gennadius von Marseille,Notitia 2,lat,061_Gennadius-Massiliensis_Notitia-2.xml,Jacques-Paul Migne
Gennadius von Marseille,Testimonia,lat,103_Gennadius-Massiliensis_Testimonia.xml,Jacques-Paul Migne
Novatian,De cibis Judaicis,lat,003_Novatianus_De-cibis-Judaicis.xml,Jacques-Paul Migne
Novatian,De trinitate,lat,003_Novatianus_De-trinitate.xml,Jacques-Paul Migne
Novatian,Epistola ad S. Cyprianum,lat,003_Novatianus_Epistola-ad-S.-Cyprianum.xml,Jacques-Paul Migne
Quodvultdeus Carthaginiensis,Epistolae,lat,042_Quodvultdeus_Epistolae.xml,Jacques-Paul Migne
Rufinus von Aquileia,Apologia ad Anastasium,lat,021_Rufinus-Aquileiensis_Apologia-ad-Anastasium.xml,Jacques-Paul Migne
Rufinus von Aquileia,Apologia in Sanctum Hieronymum,lat,021_Rufinus-Aquileiensis_Apologia-in-Sanctum-Hieronymum.xml,Jacques-Paul Migne
Rufinus von Aquileia,Commentarius in Symbolum apostolorum,lat,021_Rufinus-Aquileiensis_Commentarius-in-Symbolum-apostolorum.xml,Jacques-Paul Migne
Rufinus von Aquileia,De benedictionibus patriarcharum,lat,021_Rufinus-Aquileiensis_De-benedictionibus-patriarcharum.xml,Jacques-Paul Migne
Rufinus von Aquileia,Historia ecclesiastica,lat,021_Rufinus-Aquileiensis_Historia-ecclesiastica.xml,Jacques-Paul Migne
Rufinus von Aquileia,Historia monachorum,lat,021_Rufinus-Aquileiensis_Historia-monachorum.xml,Jacques-Paul Migne
Rufinus von Aquileia,Opera Tyrannii Rufini,lat,021_Rufinus-Aquileiensis_Opera-Tyrannii-Rufini.xml,Jacques-Paul Migne
Rufinus von Aquileia,Confessio fidei,lat,048_Rufinus-Aquileiensis_Confessio-fidei.xml,Jacques-Paul Migne
Rufinus von Aquileia,Praefatio,lat,103_Rufinus-Aquileiensis_Praefatio.xml,Jacques-Paul Migne
Rufinus von Aquileia,Corpus Scriptorum Ecclesiasticorum Latinorum (CSEL),lat,stoa0244d.stoa005.opp-lat1.xml,
Salamanes Hermeias Sozomenos,Historia tripartita,lat,069_Sozomenus_-Socrates_-Theodoretus_-Cassiodorus-Vivariensis_Historia-tripartita.xml,Jacques-Paul Migne
Sulpicius Severus,Epistolae 1,lat,020_Sulpicius-Severus_Epistolae-1.xml,Jacques-Paul Migne
Sulpicius Severus,Excerpta,lat,073_Sulpicius-Severus_-Joannes-Cassianus_Excerpta.xml,Jacques-Paul Migne
Sulpicius Severus,Epistolae 2,lat,080_Sulpicius-Severus_Epistolae-2.xml,Jacques-Paul Migne
Sulpicius Severus,Corpus Scriptorum Ecclesiasticorum Latinorum (CSEL),lat,stoa0270.stoa001.opp-lat1.xml,
Sulpicius Severus,Corpus Scriptorum Ecclesiasticorum Latinorum (CSEL),lat,stoa0270.stoa002.opp-lat2.xml,
Sulpicius Severus,Corpus Scriptorum Ecclesiasticorum Latinorum (CSEL),lat,stoa0270.stoa003.opp-lat2.xml,
Tatian,Oratio ad Graecos,grc; lat,tlg1766.tlg001.perseus-grc1.xml,Johann Carl Theodor Otto
Clemens von Rom,Epistula I ad Corinthios,grc; lat,tlg1271.tlg001.1st1K-grc1.xml,Kirsopp Lake
Clemens von Rom,Epistula II ad Corinthios,grc; lat,tlg1271.tlg002.1st1K-grc1.xml,Kirsopp Lake
Clemens von Rom,Ἐπιστολὴ Πέτρου πρὸς Ἰάκωβον,grc,tlg1271.tlg003.1st1K-grc1.xml,Albert Schwegler
Clemens von Rom,Διαμαρτυρία περὶ τῶν τοῦ βιβλίου λαμβανόντων,grc,tlg1271.tlg004.1st1K-grc1.xml,Albert Schwegler
Clemens von Rom,Ἐπιστολὴ Κλήμεντος πρὸς Ἰάκωβον,grc,tlg1271.tlg005.1st1K-grc1.xml,Albert Schwegler
Clemens von Rom,Ὁμίλαι,grc,tlg1271.tlg006.1st1K-grc1.xml,Albert Schwegler
Clemens von Rom,Epistulae de virginitate [Sp.],grc; lat,tlg1271.tlg010.1st1K-grc1.xml,Francis Xavier Funk; Francis Diekamp
Clemens von Rom,Clementina Epitome Prior Edita Correctior,grc; lat,tlg1271.tlg011.1st1K-grc1.xml,Albert Dressel
Clemens von Rom,Clementina Epitome Altera Nunc Primum Edita,grc; lat,tlg1271.tlg012.1st1K-grc1.xml,Albert Dressel
Barnabas (Epistula Barnabae),Βαρνάβα ἐπιστολή,grc; lat,tlg1216.tlg001.opp-grc1.xml,Kirsopp Lake
Hermas (Pastor Hermae),Ποιμὴν,grc,tlg1419.tlg001.1st1K-grc1.xml,Kirsopp Lake
Gregor von Nyssa,De creatione hominis,lat,067_Gregorius-Nyssenus_-Dionysius-Exiguus_De-creatione-hominis.xml,Jacques-Paul Migne
Gregor von Nyssa,Epistola ad Petrum,lat,067_Gregorius-Nyssenus_-Dionysius-Exiguus_Epistola-ad-Petrum.xml,Jacques-Paul Migne
Methodius von Olympus,Symposium Sive Convivium Decem Virginum,grc; lat; deu,tlg2959.tlg001.opp-grc1.xml,D.G. Nathanael Bonwetsch
Methodius von Olympus,De Libero Arbitrio,grc; lat; deu,tlg2959.tlg002.opp-grc1.xml,D.G. Nathanael Bonwetsch
Methodius von Olympus,"De Creatis (Fragmenta Ap. Photium, Bibl. Cod. 235)",grc; lat; deu,tlg2959.tlg005.opp-grc1.xml,D.G. Nathanael Bonwetsch
Methodius von Olympus,Adversus Porphyrium (Fragmenta),grc; lat; deu,tlg2959.tlg006.opp-grc1.xml,D.G. Nathanael Bonwetsch
Methodius von Olympus,Fragmenta In Job (In Catenis),grc; lat; deu,tlg2959.tlg007.opp-grc1.xml,D.G. Nathanael Bonwetsch
Methodius von Olympus,De Martyribus (Fragmenta),grc; lat; deu,tlg2959.tlg008.opp-grc1.xml,D.G. Nathanael Bonwetsch
Methodius von Olympus,Fragmenta Incerta [Sp.],grc; lat; deu,tlg2959.tlg010.opp-grc1.xml,D.G. Nathanael Bonwetsch
Maximus Confessor,Documenta varia,lat,080_Maximus-Constantinopolitanus_Documenta-varia.xml,Jacques-Paul Migne
Johannes von Damaskus,Vita SS. Barlaam et Josaphat,lat,073_Joannes-Damascenus_-Billius-Jacobus_Vita-SS.-Barlaam-et-Josaphat.xml,Jacques-Paul Migne
Leo I. (der Große),Appendix prima,lat,054_Leo-I_Appendix-prima.xml,Jacques-Paul Migne
Leo I. (der Große),Appendix secunda,lat,054_Leo-I_Appendix-secunda.xml,Jacques-Paul Migne
Leo I. (der Große),Epistolae,lat,054_Leo-I_Epistolae.xml,Jacques-Paul Migne
Leo I. (der Große),Sermones,lat,054_Leo-I_Sermones.xml,Jacques-Paul Migne
Leo I. (der Große),De haeresi Pelagiana,lat,055_Leo-I_De-haeresi-Pelagiana.xml,Jacques-Paul Migne
Leo I. (der Große),De haeresi et historia Eutychiana,lat,055_Leo-I_De-haeresi-et-historia-Eutychiana.xml,Jacques-Paul Migne
Leo I. (der Große),De haeresi et historia Manichaeorum,lat,055_Leo-I_De-haeresi-et-historia-Manichaeorum.xml,Jacques-Paul Migne
Leo I. (der Große),De haeresi et historia Priscillianistarum,lat,055_Leo-I_De-haeresi-et-historia-Priscillianistarum.xml,Jacques-Paul Migne
Leo I. (der Große),De vocatione omnium gentium,lat,055_Leo-I_De-vocatione-omnium-gentium.xml,Jacques-Paul Migne
Leo I. (der Große),Epistola LXXXVIII,lat,055_Leo-I_Epistola-LXXXVIII.xml,Jacques-Paul Migne
Leo I. (der Große),Sacramenta Romanae Ecclesiae,lat,055_Leo-I_Sacramenta-Romanae-Ecclesiae.xml,Jacques-Paul Migne
Leo I. (der Große),Sermones inediti,lat,056_Leo-I_Sermones-inediti.xml,Jacques-Paul Migne
Leo I. (der Große),Epistola ad Flavianum,lat,062_Leo-I_Epistola-ad-Flavianum.xml,Jacques-Paul Migne
Prosper von Aquitanien,Chronicon Prosperi Aquitanici,lat,027_Prosper-Aquitanus_Chronicon-Prosperi-Aquitanici.xml,Jacques-Paul Migne
Prosper von Aquitanien,Epistola CCXXV,lat,044_Prosper-Aquitanus_Epistola-CCXXV.xml,Jacques-Paul Migne
Prosper von Aquitanien,Contra Collatorem,lat,045_Prosper-Aquitanus_Contra-Collatorem.xml,Jacques-Paul Migne
Prosper von Aquitanien,De gratia et libero arbitrio,lat,045_Prosper-Aquitanus_De-gratia-et-libero-arbitrio.xml,Jacques-Paul Migne
Prosper von Aquitanien,Epigramma in obtrectatorem Augustini,lat,045_Prosper-Aquitanus_Epigramma-in-obtrectatorem-Augustini.xml,Jacques-Paul Migne
Prosper von Aquitanien,Responsiones ad capitula Gallorum,lat,045_Prosper-Aquitanus_Responsiones-ad-capitula-Gallorum.xml,Jacques-Paul Migne
Prosper von Aquitanien,Responsiones ad excerpta Genuensium,lat,045_Prosper-Aquitanus_Responsiones-ad-excerpta-Genuensium.xml,Jacques-Paul Migne
Prosper von Aquitanien,Responsiones ad objectiones Vincentianas,lat,045_Prosper-Aquitanus_Responsiones-ad-objectiones-Vincentianas.xml,Jacques-Paul Migne
Prosper von Aquitanien,Sententiae delibatae ex Augustino,lat,045_Prosper-Aquitanus_Sententiae-delibatae-ex-Augustino.xml,Jacques-Paul Migne
Prosper von Aquitanien,Appendicula ad Chronicum,lat,051_Prosper-Aquitanus_Appendicula-ad-Chronicum.xml,Jacques-Paul Migne
Prosper von Aquitanien,Carmen de ingratis,lat,051_Prosper-Aquitanus_Carmen-de-ingratis.xml,Jacques-Paul Migne
Prosper von Aquitanien,Chronicum integrum,lat,051_Prosper-Aquitanus_Chronicum-integrum.xml,Jacques-Paul Migne
Prosper von Aquitanien,Contra collatorem,lat,051_Prosper-Aquitanus_Contra-collatorem.xml,Jacques-Paul Migne
Prosper von Aquitanien,De gratia Dei et libero arbitrio voluntatis,lat,051_Prosper-Aquitanus_De-gratia-Dei-et-libero-arbitrio-voluntatis.xml,Jacques-Paul Migne
Prosper von Aquitanien,Epigramma alterum in obtractorem Augustini,lat,051_Prosper-Aquitanus_Epigramma-alterum-in-obtractorem-Augustini.xml,Jacques-Paul Migne
Prosper von Aquitanien,Epigramma in obtractorem Augustini,lat,051_Prosper-Aquitanus_Epigramma-in-obtractorem-Augustini.xml,Jacques-Paul Migne
Prosper von Aquitanien,Epigrammata ex sententiis Augustini,lat,051_Prosper-Aquitanus_Epigrammata-ex-sententiis-Augustini.xml,Jacques-Paul Migne
Prosper von Aquitanien,Epistola ad Rufinum,lat,051_Prosper-Aquitanus_Epistola-ad-Rufinum.xml,Jacques-Paul Migne
Prosper von Aquitanien,Epistola ad Augustinum,lat,051_Prosper-Aquitanus_Epistola_ad_Augustinum.xml,Jacques-Paul Migne
Prosper von Aquitanien,Epitaphium Nestorianae et Pelagianae haeresium,lat,051_Prosper-Aquitanus_Epitaphium-Nestorianae-et-Pelagianae-haeresium.xml,Jacques-Paul Migne
Prosper von Aquitanien,Expositio Psalmorum a C usque ad CL,lat,051_Prosper-Aquitanus_Expositio-Psalmorum-a-C-usque-ad-CL.xml,Jacques-Paul Migne
Prosper von Aquitanien,Responsiones pro Augustino ad capitula Gallorum,lat,051_Prosper-Aquitanus_Responsiones-pro-Augustino-ad-capitula-Gallorum.xml,Jacques-Paul Migne
Prosper von Aquitanien,Responsiones pro Augustino ad capitula objectionum Vincentianarum,lat,051_Prosper-Aquitanus_Responsiones-pro-Augustino-ad-capitula-objectionum-Vincentianarum.xml,Jacques-Paul Migne
Prosper von Aquitanien,Responsiones pro Augustino ad excerpta Genuensium,lat,051_Prosper-Aquitanus_Responsiones-pro-Augustino-ad-excerpta-Genuensium.xml,Jacques-Paul Migne
Prosper von Aquitanien,Sententiae delibatae ex operibus S. Augustini,lat,051_Prosper-Aquitanus_Sententiae-delibatae-ex-operibus-S.-Augustini.xml,Jacques-Paul Migne
Ephrem der Syrer,Vita S. Abrahae,lat,073_Ephraem-Edessensis_-Auctor-incertus_Vita-S.-Abrahae.xml,Jacques-Paul Migne
Ephrem der Syrer,Vita S. Mariae meretricis,lat,073_Ephraem-Edessensis_-Auctor-incertus_Vita-S.-Mariae-meretricis.xml,Jacques-Paul Migne
